family,Genus,species,Sexual_dimorphism,Location,Direction,Natal_coat,Natal_Coat_Type,Sexual_dichromatism,Sexual_dichromatism_type,Where,Darker,DC_Body,DC_Head,DC_Multiple,DC_Cape,DC_Pubis,DC_Tail,DM_Head,DM_Body,DM_Pubis,DM_Tail,DM_Cape,DM_Mane,DM_Multiple,DM_All,DM_Male_Growth,DM_Female_Growth,DM_Both,DC_Male_Darker,DC_Female_Darker,DC_Varies,NC_incon,NC_con_mom,NC_con_dad,NC_con_both,DC_Complete,DC_Partial
cercopithecidae,allenopithecus,nigroviridis,No,NA,NA,Yes,incon,No,NA,NA,NA,NA,NA,NA,NA,NA,NA,NA,NA,NA,NA,NA,NA,NA,NA,NA,NA,NA,NA,NA,NA,1,0,0,0,NA,NA
cheirogaleidae,allocebus,trichotis,No,NA,NA,No,NA,No,NA,NA,NA,NA,NA,NA,NA,NA,NA,NA,NA,NA,NA,NA,NA,NA,NA,NA,NA,NA,NA,NA,NA,NA,NA,NA,NA,NA,NA
cebidae,alouatta,belzebul,No,NA,NA,No,NA,Yes,Partial,Body,M,1,0,0,0,0,0,NA,NA,NA,NA,NA,NA,NA,NA,NA,NA,NA,1,0,0,NA,NA,NA,NA,0,1
cebidae,alouatta,caraya,Yes,Head,M,Yes,Con to dad,Yes,Complete,NA,M,NA,NA,NA,NA,NA,NA,1,0,0,0,0,0,0,0,1,0,0,1,0,0,0,0,1,0,1,0
cebidae,alouatta,guariba,Yes,Head,M,Yes,incon,Yes,Complete,NA,M,NA,NA,NA,NA,NA,NA,1,0,0,0,0,0,0,0,1,0,0,1,0,0,1,0,0,0,1,0
cebidae,alouatta,palliata,Yes,"Head, Flank",F,Yes,incon,No,NA,NA,NA,NA,NA,NA,NA,NA,NA,1,0,0,0,0,0,0,0,0,1,0,NA,NA,NA,1,0,0,0,NA,NA
cebidae,alouatta,pigra,No,NA,NA,Yes,incon,No,NA,NA,NA,NA,NA,NA,NA,NA,NA,NA,NA,NA,NA,NA,NA,NA,NA,NA,NA,NA,NA,NA,NA,1,0,0,0,NA,NA
cebidae,alouatta,sara,No,NA,NA,Yes,incon,No,NA,NA,NA,NA,NA,NA,NA,NA,NA,NA,NA,NA,NA,NA,NA,NA,NA,NA,NA,NA,NA,NA,NA,1,0,0,0,NA,NA
cebidae,alouatta,seniculus,Yes,Head,M,No,no,Yes,Partial,Head,M,0,1,0,0,0,0,1,0,0,0,0,0,0,0,1,0,0,1,0,0,0,0,0,0,0,1
cebidae,aotus,nigriceps,No,NA,NA,No,NA,No,NA,NA,NA,NA,NA,NA,NA,NA,NA,NA,NA,NA,NA,NA,NA,NA,NA,NA,NA,NA,NA,NA,NA,NA,NA,NA,NA,NA,NA
cebidae,aotus,trivirgatus,No,NA,NA,No,NA,No,NA,NA,NA,NA,NA,NA,NA,NA,NA,NA,NA,NA,NA,NA,NA,NA,NA,NA,NA,NA,NA,NA,NA,NA,NA,NA,NA,NA,NA
loridae,arctocebus,aureus,No,NA,NA,Yes,incon,No,NA,NA,NA,NA,NA,NA,NA,NA,NA,NA,NA,NA,NA,NA,NA,NA,NA,NA,NA,NA,NA,NA,NA,1,0,0,0,NA,NA
loridae,arctocebus,calabarensis,No,NA,NA,Yes,incon,No,NA,NA,NA,NA,NA,NA,NA,NA,NA,NA,NA,NA,NA,NA,NA,NA,NA,NA,NA,NA,NA,NA,NA,1,0,0,0,NA,NA
cebidae,ateles,belzebuth,No,NA,NA,No,no,No,NA,NA,NA,NA,NA,NA,NA,NA,NA,NA,NA,NA,NA,NA,NA,NA,NA,NA,NA,NA,NA,NA,NA,0,0,0,0,NA,NA
cebidae,ateles,chamek,No,NA,NA,No,no,No,NA,NA,NA,NA,NA,NA,NA,NA,NA,NA,NA,NA,NA,NA,NA,NA,NA,NA,NA,NA,NA,NA,NA,0,0,0,0,NA,NA
cebidae,ateles,fusciceps,No,NA,NA,No,no,No,NA,NA,NA,NA,NA,NA,NA,NA,NA,NA,NA,NA,NA,NA,NA,NA,NA,NA,NA,NA,NA,NA,NA,0,0,0,0,NA,NA
cebidae,ateles,geoffroyi,No,NA,NA,Yes,incon,No,Partial,NA,NA,NA,NA,NA,NA,NA,NA,NA,NA,NA,NA,NA,NA,NA,NA,NA,NA,NA,NA,NA,NA,1,0,0,0,0,1
cebidae,ateles,marginatus,No,NA,NA,Yes,incon,No,NA,NA,NA,NA,NA,NA,NA,NA,NA,NA,NA,NA,NA,NA,NA,NA,NA,NA,NA,NA,NA,NA,NA,1,0,0,0,NA,NA
cebidae,ateles,paniscus,No,NA,NA,Yes,incon,No,NA,NA,NA,NA,NA,NA,NA,NA,NA,NA,NA,NA,NA,NA,NA,NA,NA,NA,NA,NA,NA,NA,NA,1,0,0,0,NA,NA
indridae,avahi,laniger,No,NA,NA,Yes,incon,No,NA,NA,NA,NA,NA,NA,NA,NA,NA,NA,NA,NA,NA,NA,NA,NA,NA,NA,NA,NA,NA,NA,NA,1,0,0,0,NA,NA
cebidae,brachyteles,arachnoides,No,NA,NA,Yes,incon,Yes,Partial,Body,F,1,0,0,0,0,0,NA,NA,NA,NA,NA,NA,NA,NA,NA,NA,NA,0,1,0,1,0,0,0,0,1
cebidae,cacajao,calvus,No,NA,NA,No,no,No,NA,NA,NA,NA,NA,NA,NA,NA,NA,NA,NA,NA,NA,NA,NA,NA,NA,NA,NA,NA,NA,NA,NA,0,0,0,0,NA,NA
cebidae,cacajao,melanocephalus,No,NA,NA,No,NA,No,NA,NA,NA,NA,NA,NA,NA,NA,NA,NA,NA,NA,NA,NA,NA,NA,NA,NA,NA,NA,NA,NA,NA,NA,NA,NA,NA,NA,NA
cebidae,callicebus,brunneus,No,NA,NA,No,NA,No,NA,NA,NA,NA,NA,NA,NA,NA,NA,NA,NA,NA,NA,NA,NA,NA,NA,NA,NA,NA,NA,NA,NA,NA,NA,NA,NA,NA,NA
cebidae,callicebus,caligatus,No,NA,NA,No,NA,No,NA,NA,NA,NA,NA,NA,NA,NA,NA,NA,NA,NA,NA,NA,NA,NA,NA,NA,NA,NA,NA,NA,NA,NA,NA,NA,NA,NA,NA
cebidae,callicebus,cinerascens,No,NA,NA,No,NA,No,NA,NA,NA,NA,NA,NA,NA,NA,NA,NA,NA,NA,NA,NA,NA,NA,NA,NA,NA,NA,NA,NA,NA,NA,NA,NA,NA,NA,NA
cebidae,callicebus,cupreus,No,NA,NA,No,NA,No,NA,NA,NA,NA,NA,NA,NA,NA,NA,NA,NA,NA,NA,NA,NA,NA,NA,NA,NA,NA,NA,NA,NA,NA,NA,NA,NA,NA,NA
cebidae,callicebus,donacophilus,No,NA,NA,No,NA,No,Partial,NA,NA,NA,NA,NA,NA,NA,NA,NA,NA,NA,NA,NA,NA,NA,NA,NA,NA,NA,NA,NA,NA,NA,NA,NA,NA,0,1
cebidae,callicebus,dubius,No,NA,NA,No,NA,No,NA,NA,NA,NA,NA,NA,NA,NA,NA,NA,NA,NA,NA,NA,NA,NA,NA,NA,NA,NA,NA,NA,NA,NA,NA,NA,NA,NA,NA
cebidae,callicebus,hoffmannsi,No,NA,NA,No,NA,No,NA,NA,NA,NA,NA,NA,NA,NA,NA,NA,NA,NA,NA,NA,NA,NA,NA,NA,NA,NA,NA,NA,NA,NA,NA,NA,NA,NA,NA
cebidae,callicebus,moloch,No,NA,NA,No,NA,No,NA,NA,NA,NA,NA,NA,NA,NA,NA,NA,NA,NA,NA,NA,NA,NA,NA,NA,NA,NA,NA,NA,NA,NA,NA,NA,NA,NA,NA
cebidae,callicebus,personatus,No,NA,NA,Yes,incon,Yes,Partial,Multiple,F,0,0,1,0,0,0,NA,NA,NA,NA,NA,NA,NA,NA,NA,NA,NA,0,1,0,1,0,0,0,0,1
cebidae,callicebus,torquatus,No,NA,NA,No,NA,No,NA,NA,NA,NA,NA,NA,NA,NA,NA,NA,NA,NA,NA,NA,NA,NA,NA,NA,NA,NA,NA,NA,NA,NA,NA,NA,NA,NA,NA
callitrichidae,callimico,goeldii,No,NA,NA,No,no,No,NA,NA,NA,NA,NA,NA,NA,NA,NA,NA,NA,NA,NA,NA,NA,NA,NA,NA,NA,NA,NA,NA,NA,0,0,0,0,NA,NA
callitrichidae,mico,argentata,No,NA,NA,No,NA,No,NA,NA,NA,NA,NA,NA,NA,NA,NA,NA,NA,NA,NA,NA,NA,NA,NA,NA,NA,NA,NA,NA,NA,NA,NA,NA,NA,NA,NA
callitrichidae,callithrix,aurita,No,NA,NA,No,NA,No,NA,NA,NA,NA,NA,NA,NA,NA,NA,NA,NA,NA,NA,NA,NA,NA,NA,NA,NA,NA,NA,NA,NA,NA,NA,NA,NA,NA,NA
callitrichidae,callithrix,flaviceps,No,NA,NA,No,NA,No,NA,NA,NA,NA,NA,NA,NA,NA,NA,NA,NA,NA,NA,NA,NA,NA,NA,NA,NA,NA,NA,NA,NA,NA,NA,NA,NA,NA,NA
callitrichidae,callithrix,geoffroyi,No,NA,NA,No,no,No,NA,NA,NA,NA,NA,NA,NA,NA,NA,NA,NA,NA,NA,NA,NA,NA,NA,NA,NA,NA,NA,NA,NA,0,0,0,0,NA,NA
callitrichidae,mico,humeralifer,No,NA,NA,No,NA,No,NA,NA,NA,NA,NA,NA,NA,NA,NA,NA,NA,NA,NA,NA,NA,NA,NA,NA,NA,NA,NA,NA,NA,NA,NA,NA,NA,NA,NA
callitrichidae,callithrix,jacchus,No,NA,NA,No,no,No,NA,NA,NA,NA,NA,NA,NA,NA,NA,NA,NA,NA,NA,NA,NA,NA,NA,NA,NA,NA,NA,NA,NA,0,0,0,0,NA,NA
callitrichidae,callithrix,kuhlii,No,NA,NA,No,NA,No,NA,NA,NA,NA,NA,NA,NA,NA,NA,NA,NA,NA,NA,NA,NA,NA,NA,NA,NA,NA,NA,NA,NA,NA,NA,NA,NA,NA,NA
callitrichidae,mico,mauesi,No,NA,NA,No,NA,No,NA,NA,NA,NA,NA,NA,NA,NA,NA,NA,NA,NA,NA,NA,NA,NA,NA,NA,NA,NA,NA,NA,NA,NA,NA,NA,NA,NA,NA
callitrichidae,mico,nigriceps,No,NA,NA,No,NA,No,NA,NA,NA,NA,NA,NA,NA,NA,NA,NA,NA,NA,NA,NA,NA,NA,NA,NA,NA,NA,NA,NA,NA,NA,NA,NA,NA,NA,NA
callitrichidae,callithrix,penicillata,No,NA,NA,Yes,incon,No,NA,NA,NA,NA,NA,NA,NA,NA,NA,NA,NA,NA,NA,NA,NA,NA,NA,NA,NA,NA,NA,NA,NA,1,0,0,0,NA,NA
cebidae,cebus,albifrons,Yes,Head,F,No,no,Yes,Partial,Multiple,Varies,0,0,1,0,0,0,1,0,0,0,0,0,0,0,0,1,0,0,0,1,0,0,0,0,0,1
cebidae,sapajus,apella,No,NA,NA,Yes,incon,Yes,Partial,NA,NA,NA,NA,NA,NA,NA,NA,NA,NA,NA,NA,NA,NA,NA,NA,NA,NA,NA,NA,NA,NA,1,0,0,0,0,1
cebidae,cebus,capucinus,Yes,"Head,Body",F,No,no,Yes,Partial,Multiple,M,0,0,1,0,0,0,1,1,0,0,0,0,0,0,0,1,0,1,0,0,0,0,0,0,0,1
cebidae,cebus,olivaceus,No,NA,NA,No,no,No,NA,NA,NA,NA,NA,NA,NA,NA,NA,NA,NA,NA,NA,NA,NA,NA,NA,NA,NA,NA,NA,NA,NA,0,0,0,0,NA,NA
cercopithecidae,cercocebus,agilis,No,NA,NA,Yes,incon,No,NA,NA,NA,NA,NA,NA,NA,NA,NA,NA,NA,NA,NA,NA,NA,NA,NA,NA,NA,NA,NA,NA,NA,1,0,0,0,NA,NA
cercopithecidae,cercocebus,galeritus,Yes,Body,F,Yes,incon,Yes,Partial,Cape,M,0,0,0,1,0,0,0,1,0,0,0,0,0,0,0,1,0,1,0,0,1,0,0,0,0,1
cercopithecidae,cercocebus,torquatus,No,NA,NA,Yes,incon,No,NA,NA,NA,NA,NA,NA,NA,NA,NA,NA,NA,NA,NA,NA,NA,NA,NA,NA,NA,NA,NA,NA,NA,1,0,0,0,NA,NA
cercopithecidae,cercocebus,atys,No,NA,NA,Yes,incon,No,NA,NA,NA,NA,NA,NA,NA,NA,NA,NA,NA,NA,NA,NA,NA,NA,NA,NA,NA,NA,NA,NA,NA,1,0,0,0,NA,NA
cercopithecidae,cercopithecus,ascanius,No,NA,NA,Yes,incon,No,NA,NA,NA,NA,NA,NA,NA,NA,NA,NA,NA,NA,NA,NA,NA,NA,NA,NA,NA,NA,NA,NA,NA,1,0,0,0,NA,NA
cercopithecidae,cercopithecus,campbelli,No,NA,NA,Yes,incon,No,NA,NA,NA,NA,NA,NA,NA,NA,NA,NA,NA,NA,NA,NA,NA,NA,NA,NA,NA,NA,NA,NA,NA,1,0,0,0,NA,NA
cercopithecidae,cercopithecus,cephus,No,NA,NA,Yes,incon,No,NA,NA,NA,NA,NA,NA,NA,NA,NA,NA,NA,NA,NA,NA,NA,NA,NA,NA,NA,NA,NA,NA,NA,1,0,0,0,NA,NA
cercopithecidae,cercopithecus,diana,No,NA,NA,Yes,incon,No,NA,NA,NA,NA,NA,NA,NA,NA,NA,NA,NA,NA,NA,NA,NA,NA,NA,NA,NA,NA,NA,NA,NA,1,0,0,0,NA,NA
cercopithecidae,cercopithecus,dryas,No,NA,NA,Yes,incon,No,NA,NA,NA,NA,NA,NA,NA,NA,NA,NA,NA,NA,NA,NA,NA,NA,NA,NA,NA,NA,NA,NA,NA,1,0,0,0,NA,NA
cercopithecidae,cercopithecus,erythrogaster,No,NA,NA,Yes,incon,No,NA,NA,NA,NA,NA,NA,NA,NA,NA,NA,NA,NA,NA,NA,NA,NA,NA,NA,NA,NA,NA,NA,NA,1,0,0,0,NA,NA
cercopithecidae,cercopithecus,erythrotis,Yes,Pubis,M,Yes,incon,Yes,Partial,Multiple,M,0,0,1,0,0,0,0,0,1,0,0,0,0,0,1,0,0,1,0,0,1,0,0,0,0,1
cercopithecidae,cercopithecus,hamlyni,No,NA,NA,Yes,con to both,Yes,Partial,NA,NA,NA,NA,NA,NA,NA,NA,NA,NA,NA,NA,NA,NA,NA,NA,NA,NA,NA,NA,NA,NA,0,0,0,1,0,1
cercopithecidae,cercopithecus,lhoesti,No,NA,NA,Yes,incon,Yes,Partial,Pubis,F,0,0,0,0,1,0,NA,NA,NA,NA,NA,NA,NA,NA,NA,NA,NA,0,1,0,1,0,0,0,0,1
cercopithecidae,cercopithecus,mitis,Yes,"Head,Body",F,Yes,incon,Yes,Partial,NA,NA,NA,NA,NA,NA,NA,NA,1,1,0,0,0,0,0,0,0,1,0,NA,NA,NA,1,0,0,0,0,1
cercopithecidae,cercopithecus,mona,No,NA,NA,No,NA,No,NA,NA,NA,NA,NA,NA,NA,NA,NA,NA,NA,NA,NA,NA,NA,NA,NA,NA,NA,NA,NA,NA,NA,NA,NA,NA,NA,NA,NA
cercopithecidae,cercopithecus,neglectus,No,NA,NA,Yes,incon,Yes,Partial,Pubis,M,0,0,0,0,1,0,NA,NA,NA,NA,NA,NA,NA,NA,NA,NA,NA,1,0,0,1,0,0,0,0,1
cercopithecidae,cercopithecus,nictitans,Yes,Pubis,F,Yes,incon,No,NA,NA,NA,NA,NA,NA,NA,NA,NA,0,0,1,0,0,0,0,0,0,1,0,NA,NA,NA,1,0,0,0,NA,NA
cercopithecidae,cercopithecus,petaurista,No,NA,NA,No,NA,No,NA,NA,NA,NA,NA,NA,NA,NA,NA,NA,NA,NA,NA,NA,NA,NA,NA,NA,NA,NA,NA,NA,NA,NA,NA,NA,NA,NA,NA
cercopithecidae,cercopithecus,pogonias,No,NA,NA,No,NA,Yes,Partial,Body,M,1,0,0,0,0,0,NA,NA,NA,NA,NA,NA,NA,NA,NA,NA,NA,1,0,0,NA,NA,NA,NA,0,1
cercopithecidae,cercopithecus,preussi,Yes,Pubis,F,No,NA,Yes,Partial,Pubis,F,0,0,0,0,1,0,0,0,1,0,0,0,0,0,0,1,0,0,1,0,NA,NA,NA,NA,0,1
cercopithecidae,cercopithecus,sclateri,No,NA,NA,No,NA,No,NA,NA,NA,NA,NA,NA,NA,NA,NA,NA,NA,NA,NA,NA,NA,NA,NA,NA,NA,NA,NA,NA,NA,NA,NA,NA,NA,NA,NA
cercopithecidae,cercopithecus,solatus,No,NA,NA,No,NA,No,NA,NA,NA,NA,NA,NA,NA,NA,NA,NA,NA,NA,NA,NA,NA,NA,NA,NA,NA,NA,NA,NA,NA,NA,NA,NA,NA,NA,NA
cheirogaleidae,cheirogaleus,major,No,NA,NA,Yes,maybe,No,NA,NA,NA,NA,NA,NA,NA,NA,NA,NA,NA,NA,NA,NA,NA,NA,NA,NA,NA,NA,NA,NA,NA,0,0,0,0,NA,NA
cheirogaleidae,cheirogaleus,medius,No,NA,NA,No,NA,No,NA,NA,NA,NA,NA,NA,NA,NA,NA,NA,NA,NA,NA,NA,NA,NA,NA,NA,NA,NA,NA,NA,NA,NA,NA,NA,NA,NA,NA
cebidae,chiropotes,albinasus,Yes,Head,M,No,no,No,NA,NA,NA,NA,NA,NA,NA,NA,NA,1,0,0,0,0,0,0,0,1,0,0,NA,NA,NA,0,0,0,0,NA,NA
cebidae,chiropotes,chiropotes,No,NA,NA,Yes,incon,No,NA,NA,NA,NA,NA,NA,NA,NA,NA,NA,NA,NA,NA,NA,NA,NA,NA,NA,NA,NA,NA,NA,NA,1,0,0,0,NA,NA
cebidae,chiropotes,satanas,Yes,Head,M,Yes,incon,Yes,Partial,Cape,M,0,0,0,1,0,0,1,0,0,0,0,0,0,0,1,0,0,1,0,0,1,0,0,0,0,1
cercopithecidae,chlorocebus,aethiops,No,NA,NA,Yes,con to both,No,Partial,NA,NA,NA,NA,NA,NA,NA,NA,NA,NA,NA,NA,NA,NA,NA,NA,NA,NA,NA,NA,NA,NA,0,0,0,1,0,1
cercopithecidae,colobus,angolensis,Yes,Tail,F,Yes,con to both,Yes,Partial,Pubis,F,0,0,0,0,1,0,0,0,0,1,0,0,0,0,0,1,0,0,1,0,0,0,0,1,0,1
cercopithecidae,colobus,guereza,No,NA,NA,Yes,con to both,Yes,Partial,Pubis,F,0,0,0,0,1,0,NA,NA,NA,NA,NA,NA,NA,NA,NA,NA,NA,0,1,0,0,0,0,1,0,1
cercopithecidae,colobus,polykomos,No,NA,NA,Yes,con to both,No,NA,NA,NA,NA,NA,NA,NA,NA,NA,NA,NA,NA,NA,NA,NA,NA,NA,NA,NA,NA,NA,NA,NA,0,0,0,1,NA,NA
cercopithecidae,colobus,satanas,No,NA,NA,Yes,incon,No,NA,NA,NA,NA,NA,NA,NA,NA,NA,NA,NA,NA,NA,NA,NA,NA,NA,NA,NA,NA,NA,NA,NA,1,0,0,0,NA,NA
cercopithecidae,colobus,vellerosus,No,NA,NA,Yes,con to both,No,NA,NA,NA,NA,NA,NA,NA,NA,NA,NA,NA,NA,NA,NA,NA,NA,NA,NA,NA,NA,NA,NA,NA,0,0,0,1,NA,NA
daubentoniidae,daubentonia,madagascariensis,No,NA,NA,No,NA,No,NA,NA,NA,NA,NA,NA,NA,NA,NA,NA,NA,NA,NA,NA,NA,NA,NA,NA,NA,NA,NA,NA,NA,NA,NA,NA,NA,NA,NA
cercopithecidae,erythrocebus,patas,No,NA,NA,Yes,con to both,Yes,Partial,Head,M,0,1,0,0,0,0,NA,NA,NA,NA,NA,NA,NA,NA,NA,NA,NA,1,0,0,0,0,0,1,0,1
lemuridae,eulemur,coronatus,No,NA,NA,No,NA,Yes,Partial,Head,M,0,1,0,0,0,0,NA,NA,NA,NA,NA,NA,NA,NA,NA,NA,NA,1,0,0,NA,NA,NA,NA,0,1
lemuridae,eulemur,fulvus,Yes,Head,M,Yes,con to mom,Yes,Partial,Head,Varies,0,1,0,0,0,0,1,0,0,0,0,0,0,0,1,0,0,0,0,1,0,1,0,0,0,1
lemuridae,eulemur,flavifrons,Yes,Head,M,Yes,con to mom,Yes,Complete,NA,M,NA,NA,NA,NA,NA,NA,1,0,0,0,0,0,0,0,1,0,0,1,0,0,0,1,0,0,1,0
lemuridae,eulemur,macaco,Yes,Head,F,Yes,NA,Yes,Complete,NA,M,NA,NA,NA,NA,NA,NA,1,0,0,0,0,0,0,0,0,1,0,1,0,0,NA,NA,NA,NA,1,0
lemuridae,eulemur,mongoz,No,NA,NA,Yes,Con to dad,Yes,Complete,NA,M,NA,NA,NA,NA,NA,NA,NA,NA,NA,NA,NA,NA,NA,NA,NA,NA,NA,1,0,0,0,0,1,0,1,0
lemuridae,eulemur,rubriventer,No,NA,NA,No,no,Yes,Partial,"Head,Pubis",Varies,0,1,0,0,1,0,NA,NA,NA,NA,NA,NA,NA,NA,NA,NA,NA,0,0,1,0,0,0,0,0,1
galagonidae,euoticus,elegantulus,No,NA,NA,No,no,No,NA,NA,NA,NA,NA,NA,NA,NA,NA,NA,NA,NA,NA,NA,NA,NA,NA,NA,NA,NA,NA,NA,NA,0,0,0,0,NA,NA
galagonidae,euoticus,pallidus,No,NA,NA,No,NA,No,NA,NA,NA,NA,NA,NA,NA,NA,NA,NA,NA,NA,NA,NA,NA,NA,NA,NA,NA,NA,NA,NA,NA,NA,NA,NA,NA,NA,NA
galagonidae,sciurocheirus,alleni,No,NA,NA,No,NA,No,NA,NA,NA,NA,NA,NA,NA,NA,NA,NA,NA,NA,NA,NA,NA,NA,NA,NA,NA,NA,NA,NA,NA,NA,NA,NA,NA,NA,NA
galagonidae,galago,gallarum,No,NA,NA,No,NA,No,NA,NA,NA,NA,NA,NA,NA,NA,NA,NA,NA,NA,NA,NA,NA,NA,NA,NA,NA,NA,NA,NA,NA,NA,NA,NA,NA,NA,NA
galagonidae,galago,matschiei,No,NA,NA,No,NA,No,NA,NA,NA,NA,NA,NA,NA,NA,NA,NA,NA,NA,NA,NA,NA,NA,NA,NA,NA,NA,NA,NA,NA,NA,NA,NA,NA,NA,NA
galagonidae,galago,moholi,No,NA,NA,No,NA,No,NA,NA,NA,NA,NA,NA,NA,NA,NA,NA,NA,NA,NA,NA,NA,NA,NA,NA,NA,NA,NA,NA,NA,NA,NA,NA,NA,NA,NA
galagonidae,galago,senegalensis,No,NA,NA,No,NA,No,NA,NA,NA,NA,NA,NA,NA,NA,NA,NA,NA,NA,NA,NA,NA,NA,NA,NA,NA,NA,NA,NA,NA,NA,NA,NA,NA,NA,NA
galagonidae,galagoides,demidoff,No,NA,NA,No,NA,No,NA,NA,NA,NA,NA,NA,NA,NA,NA,NA,NA,NA,NA,NA,NA,NA,NA,NA,NA,NA,NA,NA,NA,NA,NA,NA,NA,NA,NA
galagonidae,galagoides,thomasi,No,NA,NA,No,NA,No,NA,NA,NA,NA,NA,NA,NA,NA,NA,NA,NA,NA,NA,NA,NA,NA,NA,NA,NA,NA,NA,NA,NA,NA,NA,NA,NA,NA,NA
galagonidae,galagoides,zanzibaricus,No,NA,NA,No,NA,No,NA,NA,NA,NA,NA,NA,NA,NA,NA,NA,NA,NA,NA,NA,NA,NA,NA,NA,NA,NA,NA,NA,NA,NA,NA,NA,NA,NA,NA
hominidae,gorilla,beringei,No,NA,NA,Yes,incon,Yes,Partial,Body,F,1,0,0,0,0,0,NA,NA,NA,NA,NA,NA,NA,NA,NA,NA,NA,0,1,0,1,0,0,0,0,1
hominidae,gorilla,gorilla,Yes,Head,M,Yes,incon,Yes,Partial,Body,F,1,0,0,0,0,0,1,0,0,0,0,0,0,0,1,0,0,0,1,0,1,0,0,0,0,1
lemuridae,hapalemur,aureus,No,NA,NA,No,NA,No,NA,NA,NA,NA,NA,NA,NA,NA,NA,NA,NA,NA,NA,NA,NA,NA,NA,NA,NA,NA,NA,NA,NA,NA,NA,NA,NA,NA,NA
lemuridae,hapalemur,griseus,No,NA,NA,Yes,incon,No,NA,NA,NA,NA,NA,NA,NA,NA,NA,NA,NA,NA,NA,NA,NA,NA,NA,NA,NA,NA,NA,NA,NA,1,0,0,0,NA,NA
lemuridae,prolemur,simus,No,NA,NA,No,NA,No,NA,NA,NA,NA,NA,NA,NA,NA,NA,NA,NA,NA,NA,NA,NA,NA,NA,NA,NA,NA,NA,NA,NA,NA,NA,NA,NA,NA,NA
hylobatidae,hoolock,hoolock,Yes,Pubis,M,Yes,Con to dad,Yes,Complete,NA,M,NA,NA,NA,NA,NA,NA,0,0,1,0,0,0,0,0,1,0,0,1,0,0,0,0,1,0,1,0
hylobatidae,nomascus,concolor,No,NA,NA,Yes,Con to dad,Yes,Complete,NA,M,NA,NA,NA,NA,NA,NA,NA,NA,NA,NA,NA,NA,NA,NA,NA,NA,NA,1,0,0,0,0,1,0,1,0
hylobatidae,nomascus,gabriellae,No,NA,NA,Yes,Con to dad,Yes,Complete,NA,M,NA,NA,NA,NA,NA,NA,NA,NA,NA,NA,NA,NA,NA,NA,NA,NA,NA,1,0,0,0,0,1,0,1,0
hylobatidae,nomascus,leucogenys,Yes,Head,M,Yes,Con to dad,Yes,Complete,NA,M,NA,NA,NA,NA,NA,NA,1,0,0,0,0,0,0,0,1,0,0,1,0,0,0,0,1,0,1,0
hylobatidae,symphalangus,syndactylus,Yes,Pubis,M,No,NA,No,NA,NA,NA,NA,NA,NA,NA,NA,NA,0,0,1,0,0,0,0,0,1,0,0,NA,NA,NA,NA,NA,NA,NA,NA,NA
hylobatidae,hylobates,agilis,Yes,"Head,Pubis",M,Yes,incon,Yes,Partial,Multiple,F,0,0,1,0,0,0,1,0,1,0,0,0,0,0,1,0,0,0,1,0,1,0,0,0,0,1
hylobatidae,hylobates,klossii,No,NA,NA,No,NA,No,NA,NA,NA,NA,NA,NA,NA,NA,NA,NA,NA,NA,NA,NA,NA,NA,NA,NA,NA,NA,NA,NA,NA,NA,NA,NA,NA,NA,NA
hylobatidae,hylobates,lar,No,NA,NA,No,NA,No,NA,NA,NA,NA,NA,NA,NA,NA,NA,NA,NA,NA,NA,NA,NA,NA,NA,NA,NA,NA,NA,NA,NA,NA,NA,NA,NA,NA,NA
hylobatidae,hylobates,moloch,No,NA,NA,Yes,incon,No,NA,NA,NA,NA,NA,NA,NA,NA,NA,NA,NA,NA,NA,NA,NA,NA,NA,NA,NA,NA,NA,NA,NA,1,0,0,0,NA,NA
hylobatidae,hylobates,muelleri,No,NA,NA,Yes,con to both,Yes,Partial,Head,F,0,1,0,0,0,0,NA,NA,NA,NA,NA,NA,NA,NA,NA,NA,NA,0,1,0,0,0,0,1,0,1
hylobatidae,hylobates,pileatus,Yes,Pubis,M,Yes,Con to dad,Yes,Complete,NA,M,NA,NA,NA,NA,NA,NA,0,0,1,0,0,0,0,0,1,0,0,1,0,0,0,0,1,0,1,0
indridae,indri,indri,No,NA,NA,Yes,con to both,No,NA,NA,NA,NA,NA,NA,NA,NA,NA,NA,NA,NA,NA,NA,NA,NA,NA,NA,NA,NA,NA,NA,NA,0,0,0,1,NA,NA
cebidae,oreonax,flavicauda,Yes,Pubis,Both,No,NA,No,NA,NA,NA,NA,NA,NA,NA,NA,NA,0,0,1,0,0,0,0,0,0,0,1,NA,NA,NA,NA,NA,NA,NA,NA,NA
cebidae,lagothrix,lagotricha,Yes,Pubis,Both,Yes,incon,No,NA,NA,NA,NA,NA,NA,NA,NA,NA,0,0,1,0,0,0,0,0,0,0,1,NA,NA,NA,1,0,0,0,NA,NA
lemuridae,lemur,catta,No,NA,NA,No,NA,No,NA,NA,NA,NA,NA,NA,NA,NA,NA,NA,NA,NA,NA,NA,NA,NA,NA,NA,NA,NA,NA,NA,NA,NA,NA,NA,NA,NA,NA
callitrichidae,leontopithecus,caissara,No,NA,NA,No,NA,No,NA,NA,NA,NA,NA,NA,NA,NA,NA,NA,NA,NA,NA,NA,NA,NA,NA,NA,NA,NA,NA,NA,NA,NA,NA,NA,NA,NA,NA
callitrichidae,leontopithecus,chrysomelas,No,NA,NA,No,NA,No,NA,NA,NA,NA,NA,NA,NA,NA,NA,NA,NA,NA,NA,NA,NA,NA,NA,NA,NA,NA,NA,NA,NA,NA,NA,NA,NA,NA,NA
callitrichidae,leontopithecus,chrysopygus,No,NA,NA,No,NA,No,NA,NA,NA,NA,NA,NA,NA,NA,NA,NA,NA,NA,NA,NA,NA,NA,NA,NA,NA,NA,NA,NA,NA,NA,NA,NA,NA,NA,NA
callitrichidae,leontopithecus,rosalia,No,NA,NA,Yes,incon,No,NA,NA,NA,NA,NA,NA,NA,NA,NA,NA,NA,NA,NA,NA,NA,NA,NA,NA,NA,NA,NA,NA,NA,1,0,0,0,NA,NA
megaladapidae,lepilemur,dorsalis,No,NA,NA,No,NA,No,NA,NA,NA,NA,NA,NA,NA,NA,NA,NA,NA,NA,NA,NA,NA,NA,NA,NA,NA,NA,NA,NA,NA,NA,NA,NA,NA,NA,NA
megaladapidae,lepilemur,edwardsi,No,NA,NA,No,NA,No,NA,NA,NA,NA,NA,NA,NA,NA,NA,NA,NA,NA,NA,NA,NA,NA,NA,NA,NA,NA,NA,NA,NA,NA,NA,NA,NA,NA,NA
megaladapidae,lepilemur,leucopus,No,NA,NA,No,NA,No,NA,NA,NA,NA,NA,NA,NA,NA,NA,NA,NA,NA,NA,NA,NA,NA,NA,NA,NA,NA,NA,NA,NA,NA,NA,NA,NA,NA,NA
megaladapidae,lepilemur,microdon,No,NA,NA,No,NA,No,NA,NA,NA,NA,NA,NA,NA,NA,NA,NA,NA,NA,NA,NA,NA,NA,NA,NA,NA,NA,NA,NA,NA,NA,NA,NA,NA,NA,NA
megaladapidae,lepilemur,mustelinus,No,NA,NA,No,NA,No,NA,NA,NA,NA,NA,NA,NA,NA,NA,NA,NA,NA,NA,NA,NA,NA,NA,NA,NA,NA,NA,NA,NA,NA,NA,NA,NA,NA,NA
megaladapidae,lepilemur,ruficaudatus,No,NA,NA,No,NA,No,NA,NA,NA,NA,NA,NA,NA,NA,NA,NA,NA,NA,NA,NA,NA,NA,NA,NA,NA,NA,NA,NA,NA,NA,NA,NA,NA,NA,NA
megaladapidae,lepilemur,septentrionalis,No,NA,NA,No,NA,No,NA,NA,NA,NA,NA,NA,NA,NA,NA,NA,NA,NA,NA,NA,NA,NA,NA,NA,NA,NA,NA,NA,NA,NA,NA,NA,NA,NA,NA
cercopithecidae,lophocebus,albigena,No,NA,NA,Yes,incon,Yes,Partial,Multiple,M,0,0,1,0,0,0,NA,NA,NA,NA,NA,NA,NA,NA,NA,NA,NA,1,0,0,1,0,0,0,0,1
cercopithecidae,lophocebus,aterrimus,No,NA,NA,No,NA,No,NA,NA,NA,NA,NA,NA,NA,NA,NA,NA,NA,NA,NA,NA,NA,NA,NA,NA,NA,NA,NA,NA,NA,NA,NA,NA,NA,NA,NA
loridae,loris,tardigradus,No,NA,NA,Yes,incon,Yes,Complete,NA,Varies,NA,NA,NA,NA,NA,NA,NA,NA,NA,NA,NA,NA,NA,NA,NA,NA,NA,0,0,1,1,0,0,0,1,0
cercopithecidae,macaca,arctoides,Yes,"Head,Body",Both,Yes,con to both,Yes,Partial,Body,M,1,0,0,0,0,0,1,1,0,0,0,0,0,0,0,0,1,1,0,0,0,0,0,1,0,1
cercopithecidae,macaca,assamensis,Yes,Head,F,Yes,incon,No,NA,NA,NA,NA,NA,NA,NA,NA,NA,1,0,0,0,0,0,0,0,0,1,0,NA,NA,NA,1,0,0,0,NA,NA
cercopithecidae,macaca,cyclopis,No,NA,NA,Yes,incon,Yes,Partial,Body,M,1,0,0,0,0,0,NA,NA,NA,NA,NA,NA,NA,NA,NA,NA,NA,1,0,0,1,0,0,0,0,1
cercopithecidae,macaca,fascicularis,Yes,Head,Both,Yes,incon,Yes,Partial,Head,F,0,1,0,0,0,0,1,0,0,0,0,0,0,0,0,0,1,0,1,0,1,0,0,0,0,1
cercopithecidae,macaca,fuscata,No,NA,NA,Yes,incon,Yes,Partial,Body,M,1,0,0,0,0,0,NA,NA,NA,NA,NA,NA,NA,NA,NA,NA,NA,1,0,0,1,0,0,0,0,1
cercopithecidae,macaca,hecki,Yes,Head,M,Yes,incon,Yes,Partial,Head,M,0,1,0,0,0,0,1,0,0,0,0,0,0,0,1,0,0,1,0,0,1,0,0,0,0,1
cercopithecidae,macaca,maura,No,NA,NA,Yes,incon,Yes,Partial,Multiple,M,0,0,1,0,0,0,NA,NA,NA,NA,NA,NA,NA,NA,NA,NA,NA,1,0,0,1,0,0,0,0,1
cercopithecidae,macaca,mulatta,Yes,All,F,Yes,incon,Yes,Partial,Multiple,M,0,0,1,0,0,0,0,0,0,0,0,0,0,1,0,1,0,1,0,0,1,0,0,0,0,1
cercopithecidae,macaca,nemestrina,Yes,Mane,M,Yes,incon,No,NA,NA,NA,NA,NA,NA,NA,NA,NA,0,0,0,0,0,1,0,0,1,0,0,NA,NA,NA,1,0,0,0,NA,NA
cercopithecidae,macaca,nigra,No,NA,NA,Yes,incon,Yes,Partial,Body,M,1,0,0,0,0,0,NA,NA,NA,NA,NA,NA,NA,NA,NA,NA,NA,1,0,0,1,0,0,0,0,1
cercopithecidae,macaca,nigrescens,No,NA,NA,Yes,incon,No,NA,NA,NA,NA,NA,NA,NA,NA,NA,NA,NA,NA,NA,NA,NA,NA,NA,NA,NA,NA,NA,NA,NA,1,0,0,0,NA,NA
cercopithecidae,macaca,ochreata,No,NA,NA,Yes,incon,No,NA,NA,NA,NA,NA,NA,NA,NA,NA,NA,NA,NA,NA,NA,NA,NA,NA,NA,NA,NA,NA,NA,NA,1,0,0,0,NA,NA
cercopithecidae,macaca,radiata,No,NA,NA,Yes,incon,Yes,Partial,Body,M,1,0,0,0,0,0,NA,NA,NA,NA,NA,NA,NA,NA,NA,NA,NA,1,0,0,1,0,0,0,0,1
cercopithecidae,macaca,silenus,No,NA,NA,Yes,incon,No,NA,NA,NA,NA,NA,NA,NA,NA,NA,NA,NA,NA,NA,NA,NA,NA,NA,NA,NA,NA,NA,NA,NA,1,0,0,0,NA,NA
cercopithecidae,macaca,sinica,No,NA,NA,Yes,incon,No,NA,NA,NA,NA,NA,NA,NA,NA,NA,NA,NA,NA,NA,NA,NA,NA,NA,NA,NA,NA,NA,NA,NA,1,0,0,0,NA,NA
cercopithecidae,macaca,sylvanus,Yes,Head,M,Yes,maybe,No,NA,NA,NA,NA,NA,NA,NA,NA,NA,1,0,0,0,0,0,0,0,1,0,0,NA,NA,NA,0,0,0,0,NA,NA
cercopithecidae,macaca,thibetana,Yes,Head,F,Yes,incon,Yes,Partial,Body,M,1,0,0,0,0,0,1,0,0,0,0,0,0,0,0,1,0,1,0,0,1,0,0,0,0,1
cercopithecidae,macaca,tonkeana,No,NA,NA,Yes,incon,Yes,Partial,Multiple,M,0,0,1,0,0,0,NA,NA,NA,NA,NA,NA,NA,NA,NA,NA,NA,1,0,0,1,0,0,0,0,1
cercopithecidae,mandrillus,leucophaeus,Yes,"Head, Cape",M,Yes,incon,Yes,Partial,Head,M,0,1,0,0,0,0,1,0,0,0,1,0,0,0,1,0,0,1,0,0,1,0,0,0,0,1
cercopithecidae,mandrillus,sphinx,Yes,Multiple,M,Yes,incon,Yes,Partial,Multiple,M,0,0,1,0,0,0,0,0,0,0,0,0,1,0,1,0,0,1,0,0,1,0,0,0,0,1
cheirogaleidae,microcebus,murinus,No,NA,NA,No,NA,No,NA,NA,NA,NA,NA,NA,NA,NA,NA,NA,NA,NA,NA,NA,NA,NA,NA,NA,NA,NA,NA,NA,NA,NA,NA,NA,NA,NA,NA
cheirogaleidae,microcebus,myoxinus,No,NA,NA,No,NA,No,NA,NA,NA,NA,NA,NA,NA,NA,NA,NA,NA,NA,NA,NA,NA,NA,NA,NA,NA,NA,NA,NA,NA,NA,NA,NA,NA,NA,NA
cheirogaleidae,microcebus,rufus,No,NA,NA,No,NA,No,NA,NA,NA,NA,NA,NA,NA,NA,NA,NA,NA,NA,NA,NA,NA,NA,NA,NA,NA,NA,NA,NA,NA,NA,NA,NA,NA,NA,NA
cheirogaleidae,mizra,coquereli,No,NA,NA,No,NA,No,NA,NA,NA,NA,NA,NA,NA,NA,NA,NA,NA,NA,NA,NA,NA,NA,NA,NA,NA,NA,NA,NA,NA,NA,NA,NA,NA,NA,NA
cercopithecidae,miopithecus,talapoin,No,NA,NA,Yes,incon,Yes,Partial,Body,M,1,0,0,0,0,0,NA,NA,NA,NA,NA,NA,NA,NA,NA,NA,NA,1,0,0,1,0,0,0,0,1
cercopithecidae,simias,concolor,No,NA,NA,Yes,incon,No,NA,NA,NA,NA,NA,NA,NA,NA,NA,NA,NA,NA,NA,NA,NA,NA,NA,NA,NA,NA,NA,NA,NA,1,0,0,0,NA,NA
cercopithecidae,nasalis,larvatus,Yes,Cape,M,Yes,incon,Yes,Partial,Multiple,F,0,0,1,0,0,0,0,0,0,0,1,0,0,0,1,0,0,0,1,0,1,0,0,0,0,1
loridae,nycticebus,coucang,No,NA,NA,Yes,incon,No,NA,NA,NA,NA,NA,NA,NA,NA,NA,NA,NA,NA,NA,NA,NA,NA,NA,NA,NA,NA,NA,NA,NA,1,0,0,0,NA,NA
loridae,nycticebus,pygmaeus,No,NA,NA,Yes,incon,No,NA,NA,NA,NA,NA,NA,NA,NA,NA,NA,NA,NA,NA,NA,NA,NA,NA,NA,NA,NA,NA,NA,NA,1,0,0,0,NA,NA
galagonidae,otolemur,crassicaudatus,No,NA,NA,No,NA,No,NA,NA,NA,NA,NA,NA,NA,NA,NA,NA,NA,NA,NA,NA,NA,NA,NA,NA,NA,NA,NA,NA,NA,NA,NA,NA,NA,NA,NA
galagonidae,otolemur,garnettii,No,NA,NA,No,NA,No,NA,NA,NA,NA,NA,NA,NA,NA,NA,NA,NA,NA,NA,NA,NA,NA,NA,NA,NA,NA,NA,NA,NA,NA,NA,NA,NA,NA,NA
hominidae,pan,paniscus,No,NA,NA,No,NA,No,NA,NA,NA,NA,NA,NA,NA,NA,NA,NA,NA,NA,NA,NA,NA,NA,NA,NA,NA,NA,NA,NA,NA,NA,NA,NA,NA,NA,NA
hominidae,pan,troglodytes,Yes,Head,F,Yes,incon,No,NA,NA,NA,NA,NA,NA,NA,NA,NA,1,0,0,0,0,0,0,0,0,1,0,NA,NA,NA,1,0,0,0,NA,NA
cercopithecidae,papio,anubis,Yes,Mane,M,Yes,incon,Yes,Partial,Multiple,M,0,0,1,0,0,0,0,0,0,0,0,1,0,0,1,0,0,1,0,0,1,0,0,0,0,1
cercopithecidae,papio,cynocephalus,Yes,Mane,M,Yes,incon,No,NA,NA,NA,NA,NA,NA,NA,NA,NA,0,0,0,0,0,1,0,0,1,0,0,NA,NA,NA,1,0,0,0,NA,NA
cercopithecidae,papio,hamadryas,Yes,"Head, Cape",M,Yes,incon,Yes,Complete,NA,M,NA,NA,NA,NA,NA,NA,1,0,0,0,1,0,0,0,1,0,0,1,0,0,1,0,0,0,1,0
cercopithecidae,papio,papio,Yes,"Head, Cape",M,Yes,incon,No,NA,NA,NA,NA,NA,NA,NA,NA,NA,1,0,0,0,1,0,0,0,1,0,0,NA,NA,NA,1,0,0,0,NA,NA
cercopithecidae,papio,ursinus,Yes,Mane,M,Yes,incon,Yes,Partial,Body,M,1,0,0,0,0,0,0,0,0,0,0,1,0,0,1,0,0,1,0,0,1,0,0,0,0,1
loridae,perodicticus,potto,No,NA,NA,Yes,incon,No,NA,NA,NA,NA,NA,NA,NA,NA,NA,NA,NA,NA,NA,NA,NA,NA,NA,NA,NA,NA,NA,NA,NA,1,0,0,0,NA,NA
cheirogaleidae,phaner,furcifer,No,NA,NA,No,NA,No,NA,NA,NA,NA,NA,NA,NA,NA,NA,NA,NA,NA,NA,NA,NA,NA,NA,NA,NA,NA,NA,NA,NA,NA,NA,NA,NA,NA,NA
cebidae,pithecia,aequatorialis,No,NA,NA,No,NA,Yes,Partial,Head,F,0,1,0,0,0,0,NA,NA,NA,NA,NA,NA,NA,NA,NA,NA,NA,0,1,0,NA,NA,NA,NA,0,1
cebidae,pithecia,albicans,No,NA,NA,Yes,incon,No,NA,NA,NA,NA,NA,NA,NA,NA,NA,NA,NA,NA,NA,NA,NA,NA,NA,NA,NA,NA,NA,NA,NA,1,0,0,0,NA,NA
cebidae,pithecia,irrorata,No,NA,NA,No,NA,No,NA,NA,NA,NA,NA,NA,NA,NA,NA,NA,NA,NA,NA,NA,NA,NA,NA,NA,NA,NA,NA,NA,NA,NA,NA,NA,NA,NA,NA
cebidae,pithecia,monachus,No,NA,NA,Yes,incon,Yes,Partial,Head,F,0,1,0,0,0,0,NA,NA,NA,NA,NA,NA,NA,NA,NA,NA,NA,0,1,0,1,0,0,0,0,1
cebidae,pithecia,pithecia,Yes,Head,M,Yes,Con to dad,Yes,Complete,NA,M,NA,NA,NA,NA,NA,NA,1,0,0,0,0,0,0,0,1,0,0,1,0,0,0,0,1,0,1,0
pongidae,pongo,abelii,Yes,Multiple,M,No,NA,Yes,Partial,Head,F,0,1,0,0,0,0,0,0,0,0,0,0,1,0,1,0,0,0,1,0,NA,NA,NA,NA,0,1
pongidae,pongo,pygmaeus,Yes,Multiple,M,Yes,maybe,No,NA,NA,NA,NA,NA,NA,NA,NA,NA,0,0,0,0,0,0,1,0,1,0,0,NA,NA,NA,0,0,0,0,NA,NA
cercopithecidae,presbytis,comata,No,NA,NA,Yes,incon,No,NA,NA,NA,NA,NA,NA,NA,NA,NA,NA,NA,NA,NA,NA,NA,NA,NA,NA,NA,NA,NA,NA,NA,1,0,0,0,NA,NA
cercopithecidae,presbytis,femoralis,No,NA,NA,Yes,maybe,No,NA,NA,NA,NA,NA,NA,NA,NA,NA,NA,NA,NA,NA,NA,NA,NA,NA,NA,NA,NA,NA,NA,NA,0,0,0,0,NA,NA
cercopithecidae,presbytis,frontata,No,NA,NA,Yes,con to both,No,NA,NA,NA,NA,NA,NA,NA,NA,NA,NA,NA,NA,NA,NA,NA,NA,NA,NA,NA,NA,NA,NA,NA,0,0,0,1,NA,NA
cercopithecidae,presbytis,hosei,No,NA,NA,Yes,con to both,Yes,Partial,Head,F,0,1,0,0,0,0,NA,NA,NA,NA,NA,NA,NA,NA,NA,NA,NA,0,1,0,0,0,0,1,0,1
cercopithecidae,presbytis,melalophos,No,NA,NA,Yes,con to both,No,NA,NA,NA,NA,NA,NA,NA,NA,NA,NA,NA,NA,NA,NA,NA,NA,NA,NA,NA,NA,NA,NA,NA,0,0,0,1,NA,NA
cercopithecidae,presbytis,potenziani,No,NA,NA,Yes,con to both,No,NA,NA,NA,NA,NA,NA,NA,NA,NA,NA,NA,NA,NA,NA,NA,NA,NA,NA,NA,NA,NA,NA,NA,0,0,0,1,NA,NA
cercopithecidae,presbytis,rubicunda,No,NA,NA,Yes,con to both,No,NA,NA,NA,NA,NA,NA,NA,NA,NA,NA,NA,NA,NA,NA,NA,NA,NA,NA,NA,NA,NA,NA,NA,0,0,0,1,NA,NA
cercopithecidae,presbytis,thomasi,No,NA,NA,Yes,con to both,No,NA,NA,NA,NA,NA,NA,NA,NA,NA,NA,NA,NA,NA,NA,NA,NA,NA,NA,NA,NA,NA,NA,NA,0,0,0,1,NA,NA
cercopithecidae,procolobus,badius,No,NA,NA,Yes,incon,No,NA,NA,NA,NA,NA,NA,NA,NA,NA,NA,NA,NA,NA,NA,NA,NA,NA,NA,NA,NA,NA,NA,NA,1,0,0,0,NA,NA
cercopithecidae,procolobus,pennantii,No,NA,NA,Yes,maybe,No,NA,NA,NA,NA,NA,NA,NA,NA,NA,NA,NA,NA,NA,NA,NA,NA,NA,NA,NA,NA,NA,NA,NA,0,0,0,0,NA,NA
cercopithecidae,procolobus,preussi,No,NA,NA,Yes,incon,No,NA,NA,NA,NA,NA,NA,NA,NA,NA,NA,NA,NA,NA,NA,NA,NA,NA,NA,NA,NA,NA,NA,NA,1,0,0,0,NA,NA
cercopithecidae,procolobus,rufomitratus,No,NA,NA,Yes,incon,No,NA,NA,NA,NA,NA,NA,NA,NA,NA,NA,NA,NA,NA,NA,NA,NA,NA,NA,NA,NA,NA,NA,NA,1,0,0,0,NA,NA
cercopithecidae,procolobus,verus,No,NA,NA,Yes,incon,No,NA,NA,NA,NA,NA,NA,NA,NA,NA,NA,NA,NA,NA,NA,NA,NA,NA,NA,NA,NA,NA,NA,NA,1,0,0,0,NA,NA
indridae,propithecus,diadema,No,NA,NA,No,no,No,NA,NA,NA,NA,NA,NA,NA,NA,NA,NA,NA,NA,NA,NA,NA,NA,NA,NA,NA,NA,NA,NA,NA,0,0,0,0,NA,NA
indridae,propithecus,tattersalli,No,NA,NA,No,NA,No,NA,NA,NA,NA,NA,NA,NA,NA,NA,NA,NA,NA,NA,NA,NA,NA,NA,NA,NA,NA,NA,NA,NA,NA,NA,NA,NA,NA,NA
indridae,propithecus,verreauxi,No,NA,NA,Yes,incon,No,NA,NA,NA,NA,NA,NA,NA,NA,NA,NA,NA,NA,NA,NA,NA,NA,NA,NA,NA,NA,NA,NA,NA,1,0,0,0,NA,NA
cercopithecidae,pygathrix,cinerea,No,NA,NA,No,NA,No,NA,NA,NA,NA,NA,NA,NA,NA,NA,NA,NA,NA,NA,NA,NA,NA,NA,NA,NA,NA,NA,NA,NA,NA,NA,NA,NA,NA,NA
cercopithecidae,pygathrix,nemaeus,Yes,Head,M,Yes,incon,Yes,Partial,Body,F,1,0,0,0,0,0,1,0,0,0,0,0,0,0,1,0,0,0,1,0,1,0,0,0,0,1
cercopithecidae,pygathrix,nigripes,Yes,Head,M,Yes,incon,Yes,Partial,Body,F,1,0,0,0,0,0,1,0,0,0,0,0,0,0,1,0,0,0,1,0,1,0,0,0,0,1
cercopithecidae,rhinopithecus,avunculus,Yes,Multiple,M,Yes,incon,Yes,Partial,Multiple,F,0,0,1,0,0,0,0,0,0,0,0,0,1,0,1,0,0,0,1,0,1,0,0,0,0,1
cercopithecidae,rhinopithecus,bieti,Yes,"Cape,Body",M,Yes,incon,Yes,Partial,Multiple,F,0,0,1,0,0,0,0,1,0,0,1,0,0,0,1,0,0,0,1,0,1,0,0,0,0,1
cercopithecidae,rhinopithecus,brelichi,Yes,Cape,M,Yes,incon,Yes,Partial,Multiple,F,0,0,1,0,0,0,0,0,0,0,1,0,0,0,1,0,0,0,1,0,1,0,0,0,0,1
cercopithecidae,rhinopithecus,roxellana,Yes,Cape,M,Yes,con to both,No,NA,NA,NA,NA,NA,NA,NA,NA,NA,0,0,0,0,1,0,0,0,1,0,0,NA,NA,NA,0,0,0,1,NA,NA
callitrichidae,saguinus,bicolor,No,NA,NA,No,no,Yes,Partial,Tail,F,0,0,0,0,0,1,NA,NA,NA,NA,NA,NA,NA,NA,NA,NA,NA,0,1,0,0,0,0,0,0,1
callitrichidae,leontocebus,fuscicollis,No,NA,NA,No,no,No,NA,NA,NA,NA,NA,NA,NA,NA,NA,NA,NA,NA,NA,NA,NA,NA,NA,NA,NA,NA,NA,NA,NA,0,0,0,0,NA,NA
callitrichidae,saguinus,geoffroyi,No,NA,NA,No,NA,No,NA,NA,NA,NA,NA,NA,NA,NA,NA,NA,NA,NA,NA,NA,NA,NA,NA,NA,NA,NA,NA,NA,NA,NA,NA,NA,NA,NA,NA
callitrichidae,saguinus,imperator,Yes,Head,M,Yes,incon,Yes,Partial,Body,NA,1,0,0,0,0,0,1,0,0,0,0,0,0,0,1,0,0,NA,NA,NA,1,0,0,0,0,1
callitrichidae,saguinus,inustus,No,NA,NA,No,NA,No,NA,NA,NA,NA,NA,NA,NA,NA,NA,NA,NA,NA,NA,NA,NA,NA,NA,NA,NA,NA,NA,NA,NA,NA,NA,NA,NA,NA,NA
callitrichidae,saguinus,labiatus,No,NA,NA,No,NA,No,NA,NA,NA,NA,NA,NA,NA,NA,NA,NA,NA,NA,NA,NA,NA,NA,NA,NA,NA,NA,NA,NA,NA,NA,NA,NA,NA,NA,NA
callitrichidae,saguinus,leucopus,No,NA,NA,No,NA,No,NA,NA,NA,NA,NA,NA,NA,NA,NA,NA,NA,NA,NA,NA,NA,NA,NA,NA,NA,NA,NA,NA,NA,NA,NA,NA,NA,NA,NA
callitrichidae,saguinus,midas,No,NA,NA,Yes,incon,No,NA,NA,NA,NA,NA,NA,NA,NA,NA,NA,NA,NA,NA,NA,NA,NA,NA,NA,NA,NA,NA,NA,NA,1,0,0,0,NA,NA
callitrichidae,saguinus,mystax,No,NA,NA,No,NA,No,NA,NA,NA,NA,NA,NA,NA,NA,NA,NA,NA,NA,NA,NA,NA,NA,NA,NA,NA,NA,NA,NA,NA,NA,NA,NA,NA,NA,NA
callitrichidae,leontocebus,nigricollis,No,NA,NA,No,no,No,NA,NA,NA,NA,NA,NA,NA,NA,NA,NA,NA,NA,NA,NA,NA,NA,NA,NA,NA,NA,NA,NA,NA,0,0,0,0,NA,NA
callitrichidae,saguinus,oedipus,No,NA,NA,No,no,No,NA,NA,NA,NA,NA,NA,NA,NA,NA,NA,NA,NA,NA,NA,NA,NA,NA,NA,NA,NA,NA,NA,NA,0,0,0,0,NA,NA
callitrichidae,leontocebus,tripartitus,No,NA,NA,No,NA,No,NA,NA,NA,NA,NA,NA,NA,NA,NA,NA,NA,NA,NA,NA,NA,NA,NA,NA,NA,NA,NA,NA,NA,NA,NA,NA,NA,NA,NA
cebidae,saimiri,boliviensis,No,NA,NA,No,NA,Yes,Partial,Head,F,0,1,0,0,0,0,NA,NA,NA,NA,NA,NA,NA,NA,NA,NA,NA,0,1,0,NA,NA,NA,NA,0,1
cebidae,saimiri,oerstedii,No,NA,NA,No,NA,No,NA,NA,NA,NA,NA,NA,NA,NA,NA,NA,NA,NA,NA,NA,NA,NA,NA,NA,NA,NA,NA,NA,NA,NA,NA,NA,NA,NA,NA
cebidae,saimiri,sciureus,No,NA,NA,No,NA,No,NA,NA,NA,NA,NA,NA,NA,NA,NA,NA,NA,NA,NA,NA,NA,NA,NA,NA,NA,NA,NA,NA,NA,NA,NA,NA,NA,NA,NA
cebidae,saimiri,ustus,No,NA,NA,No,NA,Yes,Partial,Head,F,0,1,0,0,0,0,NA,NA,NA,NA,NA,NA,NA,NA,NA,NA,NA,0,1,0,NA,NA,NA,NA,0,1
cebidae,saimiri,vanzolinii,No,NA,NA,No,NA,No,NA,NA,NA,NA,NA,NA,NA,NA,NA,NA,NA,NA,NA,NA,NA,NA,NA,NA,NA,NA,NA,NA,NA,NA,NA,NA,NA,NA,NA
cercopithecidae,semnopithecus,entellus,Yes,Head,M,Yes,con to both,No,NA,NA,NA,NA,NA,NA,NA,NA,NA,1,0,0,0,0,0,0,0,1,0,0,NA,NA,NA,0,0,0,1,NA,NA
tarsiidae,tarsius,bancanus,No,NA,NA,Yes,incon,No,NA,NA,NA,NA,NA,NA,NA,NA,NA,NA,NA,NA,NA,NA,NA,NA,NA,NA,NA,NA,NA,NA,NA,1,0,0,0,NA,NA
tarsiidae,tarsius,dentatus,No,NA,NA,No,NA,No,NA,NA,NA,NA,NA,NA,NA,NA,NA,NA,NA,NA,NA,NA,NA,NA,NA,NA,NA,NA,NA,NA,NA,NA,NA,NA,NA,NA,NA
tarsiidae,tarsius,pumilus,No,NA,NA,No,NA,No,NA,NA,NA,NA,NA,NA,NA,NA,NA,NA,NA,NA,NA,NA,NA,NA,NA,NA,NA,NA,NA,NA,NA,NA,NA,NA,NA,NA,NA
tarsiidae,tarsius,tarsier,No,NA,NA,No,NA,No,NA,NA,NA,NA,NA,NA,NA,NA,NA,NA,NA,NA,NA,NA,NA,NA,NA,NA,NA,NA,NA,NA,NA,NA,NA,NA,NA,NA,NA
tarsiidae,tarsius,syrichta,No,NA,NA,Yes,incon,No,NA,NA,NA,NA,NA,NA,NA,NA,NA,NA,NA,NA,NA,NA,NA,NA,NA,NA,NA,NA,NA,NA,NA,1,0,0,0,NA,NA
cercopithecidae,theropithecus,gelada,Yes,Cape,M,Yes,incon,Yes,Partial,Cape,M,0,0,0,1,0,0,0,0,0,0,1,0,0,0,1,0,0,1,0,0,1,0,0,0,0,1
cercopithecidae,trachypithecus,johnii,No,NA,NA,Yes,con to both,Yes,Partial,Pubis,M,0,0,0,0,1,0,NA,NA,NA,NA,NA,NA,NA,NA,NA,NA,NA,1,0,0,0,0,0,1,0,1
cercopithecidae,trachypithecus,vetulus,No,NA,NA,Yes,incon,No,NA,NA,NA,NA,NA,NA,NA,NA,NA,NA,NA,NA,NA,NA,NA,NA,NA,NA,NA,NA,NA,NA,NA,1,0,0,0,NA,NA
cercopithecidae,trachypithecus,auratus,No,NA,NA,Yes,con to both,Yes,Partial,Pubis,M,0,0,0,0,1,0,NA,NA,NA,NA,NA,NA,NA,NA,NA,NA,NA,1,0,0,0,0,0,1,0,1
cercopithecidae,trachypithecus,cristatus,No,NA,NA,Yes,con to both,Yes,Partial,Pubis,M,0,0,0,0,1,0,NA,NA,NA,NA,NA,NA,NA,NA,NA,NA,NA,1,0,0,0,0,0,1,0,1
cercopithecidae,trachypithecus,delacouri,No,NA,NA,Yes,incon,Yes,Partial,Pubis,M,0,0,0,0,1,0,NA,NA,NA,NA,NA,NA,NA,NA,NA,NA,NA,1,0,0,1,0,0,0,0,1
cercopithecidae,trachypithecus,francoisi,No,NA,NA,Yes,con to both,Yes,Partial,Pubis,M,0,0,0,0,1,0,NA,NA,NA,NA,NA,NA,NA,NA,NA,NA,NA,1,0,0,0,0,0,1,0,1
cercopithecidae,trachypithecus,geei,No,NA,NA,Yes,con to both,Yes,Partial,Tail,M,0,0,0,0,0,1,NA,NA,NA,NA,NA,NA,NA,NA,NA,NA,NA,1,0,0,0,0,0,1,0,1
cercopithecidae,trachypithecus,obscurus,No,NA,NA,Yes,con to both,Yes,Partial,Pubis,F,0,0,0,0,1,0,NA,NA,NA,NA,NA,NA,NA,NA,NA,NA,NA,0,1,0,0,0,0,1,0,1
cercopithecidae,trachypithecus,phayrei,Yes,Head,Both,Yes,con to both,Yes,Partial,Pubis,M,0,0,0,0,1,0,1,0,0,0,0,0,0,0,0,0,1,1,0,0,0,0,0,1,0,1
cercopithecidae,trachypithecus,pileatus,No,NA,NA,Yes,con to both,Yes,Partial,Body,M,1,0,0,0,0,0,NA,NA,NA,NA,NA,NA,NA,NA,NA,NA,NA,1,0,0,0,0,0,1,0,1
lemuridae,varecia,variegata,No,NA,NA,No,NA,No,NA,NA,NA,NA,NA,NA,NA,NA,NA,NA,NA,NA,NA,NA,NA,NA,NA,NA,NA,NA,NA,NA,NA,NA,NA,NA,NA,NA,NA
