family,species,subspecies,Sexual_dimorphism,Sexual_Dimorph_type,Location,Direction,Natal_coat,Natal_Coat_Type,NC_description,Sexual_dichromatism,Sexual_dichromatism_type,Where,Darker,SDC_description,Size_Dimorphism,Simple_Natal_Coat_Type,Natal_Coat_Conspicuous,Natal_Coat_Inconspicuous,Natal_Coat_Present,Maturation_Color_Change,Maturation_Males_Only,Maturation_Females_Only,Maturation_Both,Maturation_None,Sexual_Dichromatism_Complete,Sexual_Dichromatism_Partial,Sexual_Dichromatism_Present,integrated_trait
cercopithecidae,Allenopithecus_nigroviridis,NA,0,NA,NA,NA,1,incon,"no treves 36, juvenile is paler with no ear tufts, neonate has a more yellowish-brown cast hill",0,NA,NA,NA,NA,1,inconspicuous,0,1,1,None,0,0,0,1,NA,NA,0,2
cheirogaleidae,Allocebus_trichotis,NA,0,NA,NA,NA,0,NA,NA,0,NA,NA,NA,NA,1,none,0,0,0,None,0,0,0,1,NA,NA,0,1
cebidae,Alouatta_belzebul,NA,0,NA,NA,NA,0,NA,NA,1,Partial,Body,M,"extension of black areas in males seem to increase with age hill, females may have different coloration than males, but it varies a lot by individual and subspecies",1,none,0,0,0,None,0,0,0,1,0,1,1,0
cebidae,Alouatta_caraya,NA,1,males beard is larger grueter 2015,Head,M,1,Con to dad,"infants same color as female until males change at 2.5 yrs (males go thru the female color) neville rowe 615, conspicuous contrast to father, dorsal first part to change treves 1-4, malinow,",1,Complete,NA,M,"M: black. F: golden light to dark yellow rowe 615, grueter 2015",1,conspicuous,1,0,1,Males only,1,0,0,0,1,0,1,3
cebidae,Alouatta_guariba,NA,1,male seems to have a slight beard grueter 2015,Head,M,1,incon,"possible inconspicuous contrast to mother and incon to father treves 4, clamitans: general color like adult female but lighter on the back, hands and feet black in male, juvenile female is yellowish olive with rufescence on head and beard hill",1,Complete,NA,M,"F: paler than males, variation depending on location emmons. M: brown, dark red, or black with gold or yellow beard, and brown to orange-brown underparts, grueter 2015",1,inconspicuous,0,1,1,None,0,0,0,1,1,0,1,0
cebidae,Alouatta_palliata,palliata,1,"F: less of a beard and flank hairs are longer in palliata, aeqatorialis subspecies","Head, Flank",F,1,incon,"inconspicuous contrast with mother and father treves 4,5 (contra), subadult males look like females emmons, infants silver to golden brown until 12 weeks glander",0,NA,NA,NA,NA,1,inconspicuous,0,1,1,None,0,0,0,1,NA,NA,0,2
cebidae,Alouatta_pigra,NA,0,NA,NA,NA,1,incon,"infants are brown when born rowe 198, incon with mother (and father) treves 6 (horwich),4 (contra), upper back, head change first horwich, hill says no",0,NA,NA,NA,NA,1,inconspicuous,0,1,1,None,0,0,0,1,NA,NA,0,2
cebidae,Alouatta_sara,NA,0,NA,NA,NA,1,incon,"incon to mother and father treves 7, nothing explicit in hill or emmons but it wasnt very well studied I think",0,NA,NA,NA,NA,0,inconspicuous,0,1,1,None,0,0,0,1,NA,NA,0,2
cebidae,Alouatta_seniculus,macconnelli,1,long blackish beard rowe 198,Head,M,0,no,"maybe incon to mother and father treves 4, somewhat browner in shade than adult hill",1,Partial,Head,M,"blackish beard rowe 198, longish black beard grueter 2015, females may be less intensely colored (stramineus), less yellow (amazonica), differ considerably (puruensis) hill",1,none,0,0,0,None,0,0,0,1,0,1,1,0
cebidae,Aotus_nigriceps,NA,0,NA,NA,NA,0,NA,NA,0,NA,NA,NA,NA,1,none,0,0,0,None,0,0,0,1,NA,NA,0,1
cebidae,Aotus_trivirgatus,NA,0,NA,NA,NA,0,NA,"no. treves 8-10, juveniles may be lacking an interscapular tuft hersh",0,NA,NA,NA,NA,1,none,0,0,0,None,0,0,0,1,NA,NA,0,1
loridae,Arctocebus_aureus,NA,0,NA,NA,NA,1,incon,"darker coats rowe, hill 1963 incon to both",0,NA,NA,NA,NA,0,inconspicuous,0,1,1,None,0,0,0,1,NA,NA,0,2
loridae,Arctocebus_calabarensis,NA,0,NA,NA,NA,1,incon,"contrasting reports in treves from hill 1953, maybe incon to both treves 67, im gonna go with yes, darker coats that lighten with age",0,NA,NA,NA,NA,0,inconspicuous,0,1,1,None,0,0,0,1,NA,NA,0,2
cebidae,Ateles_belzebuth,NA,0,NA,NA,NA,0,no,neonates have a reddish face and dark fur rowe 461,0,NA,NA,NA,NA,0,none,0,0,0,None,0,0,0,1,NA,NA,0,1
cebidae,Ateles_chamek,NA,0,NA,NA,NA,0,no,"whitish skin around the eyes, pink feet, sparse fur that appears to be gray rowe 850, symington",0,NA,NA,NA,NA,0,none,0,0,0,None,0,0,0,1,NA,NA,0,1
cebidae,Ateles_fusciceps,NA,0,"one female had short hair, may be individual variation hill",NA,NA,0,no,"infants have a pink face and pink ears rowe 850, not robustus treves 11",0,NA,NA,NA,NA,0,none,0,0,0,None,0,0,0,1,NA,NA,0,1
cebidae,Ateles_geoffroyi,NA,0,NA,NA,NA,1,incon,"infants are born black, color lightens depending on subspecies rowe 850, a.g.geoffroyi con to mother and father changes head and limbs first treves 12, 13, other subspecies incon to mother and father treves 4",0,Partial,NA,NA,"depends on subspecies, may be individual variation hill",0,inconspicuous,0,1,1,None,0,0,0,1,0,1,1,2
cebidae,Ateles_marginatus,NA,0,NA,NA,NA,1,incon,"face is very pale, gets darker with age, lighter pelage gets darker in the lateral surfaces of the limbs and dorsal aspect of the tail hill",0,NA,NA,NA,NA,0,inconspicuous,0,1,1,None,0,0,0,1,NA,NA,0,2
cebidae,Ateles_paniscus,paniscus,0,NA,NA,NA,1,incon,"dark pigmentation around the eyes and muzzle rowe 850, might be incon to both treves 4, youth have black faces that change to red with age, may have brown hair when it is younger hill",0,NA,NA,NA,NA,0,inconspicuous,0,1,1,None,0,0,0,1,NA,NA,0,2
indridae,Avahi_laniger,NA,0,NA,NA,NA,1,incon,"rowe 580, 898, 909, incon to both treves 67, less rufous than adults, ashy-gray above, whitish below",0,NA,NA,NA,NA,1,inconspicuous,0,1,1,None,0,0,0,1,NA,NA,0,2
cebidae,Brachyteles_arachnoides,NA,0,NA,NA,NA,1,incon,"might be incon to both treves 4,14, dark brown pelage face black hill",1,Partial,Body,F,Females more greyish-brown less yellow hill,1,inconspicuous,0,1,1,None,0,0,0,1,0,1,1,0
cebidae,Cacajao_calvus,NA,0,NA,NA,NA,0,no,"infants face is gray not red, rowe 238. red uacaris (c.c. rubicundus) develops gray scalp hair from 3-12 months until subadult stage (36mo) rowe 238 fontaine, infants are paler hill",0,NA,NA,NA,NA,1,none,0,0,0,None,0,0,0,1,NA,NA,0,1
cebidae,Cacajao_melanocephalus,NA,0,NA,NA,NA,0,NA,no. treves 10,0,NA,NA,NA,NA,0,none,0,0,0,None,0,0,0,1,NA,NA,0,1
cebidae,Callicebus_brunneus,NA,0,NA,NA,NA,0,NA,NA,0,NA,NA,NA,NA,0,none,0,0,0,None,0,0,0,1,NA,NA,0,1
cebidae,Callicebus_caligatus,NA,0,NA,NA,NA,0,NA,NA,0,NA,NA,NA,NA,0,none,0,0,0,None,0,0,0,1,NA,NA,0,1
cebidae,Callicebus_cinerascens,NA,0,NA,NA,NA,0,NA,NA,0,NA,NA,NA,NA,0,none,0,0,0,None,0,0,0,1,NA,NA,0,1
cebidae,Callicebus_cupreus,NA,0,NA,NA,NA,0,NA,"c.c.ustofuscus infant male may be more black, but could also be individual variation hill",0,NA,NA,NA,NA,0,none,0,0,0,None,0,0,0,1,NA,NA,0,1
cebidae,Callicebus_donacophilus,NA,0,NA,NA,NA,0,NA,NA,0,Partial,NA,NA,"maybe, picture has two different tail colors, rowe 357, may be c.gigot which has some sexual dimorphism",0,none,0,0,0,None,0,0,0,1,0,1,1,1
cebidae,Callicebus_dubius,NA,0,NA,NA,NA,0,NA,NA,0,NA,NA,NA,NA,0,none,0,0,0,None,0,0,0,1,NA,NA,0,1
cebidae,Callicebus_hoffmannsi,NA,0,NA,NA,NA,0,NA,"underparts paler, maybe hill",0,NA,NA,NA,"hands and feet paler, underparts a little richer yellow hill",0,none,0,0,0,None,0,0,0,1,NA,NA,0,1
cebidae,Callicebus_moloch,cupreus,0,NA,NA,NA,0,NA,no. treves 10,0,NA,NA,NA,NA,0,none,0,0,0,None,0,0,0,1,NA,NA,0,1
cebidae,Callicebus_personatus,nigrifrons,0,NA,NA,NA,1,incon,"incon to both treves 10, c.p.n much paler above and below",1,Partial,Multiple,F,"c.p.p female pelage washed with whitish-yellow, tail more rufous, forehead between ears black, c.p.n female more uniformly dusky ochraceous tail, c.p.m female forehead more reddish, crown yellowish-grey upper parts sooty grey with reddish tinge, hands and feet blackish-brown tail reddish-brown",0,inconspicuous,0,1,1,None,0,0,0,1,0,1,1,0
cebidae,Callicebus_torquatus,NA,0,NA,NA,NA,0,NA,NA,0,NA,NA,NA,NA,1,none,0,0,0,None,0,0,0,1,NA,NA,0,1
callitrichidae,Callimico_goeldii,NA,0,NA,NA,NA,0,no,"no. treves 15,16, infants entirely brownish-black hill",0,NA,NA,NA,NA,0,none,0,0,0,None,0,0,0,1,NA,NA,0,1
callitrichidae,Callithrix_aurita,NA,0,NA,NA,NA,0,NA,NA,0,NA,NA,NA,rowe cite 600,0,none,0,0,0,None,0,0,0,1,NA,NA,0,1
callitrichidae,Callithrix_flaviceps,NA,0,NA,NA,NA,0,NA,"maybe, hill is confusing",0,NA,NA,NA,NA,0,none,0,0,0,None,0,0,0,1,NA,NA,0,1
callitrichidae,Callithrix_geoffroyi,NA,0,NA,NA,NA,0,no,"might be lighter coloration, rowe 509, no, treves 17",0,NA,NA,NA,NA,1,none,0,0,0,None,0,0,0,1,NA,NA,0,1
callitrichidae,Mico_humeralifer,NA,0,NA,NA,NA,0,NA,NA,0,NA,NA,NA,NA,0,none,0,0,0,None,0,0,0,1,NA,NA,0,1
callitrichidae,Callithrix_jacchus,NA,0,NA,NA,NA,0,no,"infants have a darker face and no ear tufts rowe 351, no, treves 18,19, tufts are blackish in juveniles, grayish in subadults hersh",0,NA,NA,NA,NA,0,none,0,0,0,None,0,0,0,1,NA,NA,0,1
callitrichidae,Callithrix_kuhlii,NA,0,NA,NA,NA,0,NA,NA,0,NA,NA,NA,NA,0,none,0,0,0,None,0,0,0,1,NA,NA,0,1
callitrichidae,Mico_mauesi,NA,0,NA,NA,NA,0,NA,NA,0,NA,NA,NA,NA,1,none,0,0,0,None,0,0,0,1,NA,NA,0,1
callitrichidae,Mico_nigriceps,NA,0,NA,NA,NA,0,NA,NA,0,NA,NA,NA,NA,0,none,0,0,0,None,0,0,0,1,NA,NA,0,1
callitrichidae,Callithrix_penicillata,NA,0,NA,NA,NA,1,incon,"no ear tufts, facial hair color doesnt fully match adults darker than adults rowe 351, no (kuhls) treves 7, other subspecies (maybe c.p.penicillata) incon to both treves 20",0,NA,NA,NA,NA,1,inconspicuous,0,1,1,None,0,0,0,1,NA,NA,0,2
cebidae,Cebus_albifrons,NA,1,"frontal tuft of longer hairs from the supraorbital region frequently present in females, never in males",Head,F,0,no,"maybe rowe 251, 198, no, treves 10, juveniles usually paler",1,Partial,Multiple,Varies,"rowe 198, females may have whitish or brownish frontal tuft, brown untufted forehead, tail may be frosted in males, not females, colors different across the body, varies by subspecies",1,none,0,0,0,None,0,0,0,1,0,1,1,0
cebidae,Sapajus_apella,NA,0,NA,NA,NA,1,incon,"c.a.cay no (treves 10), c.a.jurnanus incon to father (lacking rufous tinge on dorsum similar to females), c.a.nigritus incon to both (more brownish), tufts not developed in juveniles in some subspecies",1,Partial,NA,NA,NA,1,inconspicuous,0,1,1,None,0,0,0,1,0,1,1,0
cebidae,Cebus_capucinus,NA,1,"frontal tuft in some females of one subspecies (imitator), same subspecies female pelage longer and more woolly","Head,Body",F,0,no,"infants born with a gray face and ears, look like adults by 3 months, rowe 251, no treves 10,22",1,Partial,Multiple,M,"tufts in female imitator are brownish, females may be paler",1,none,0,0,0,None,0,0,0,1,0,1,1,0
cebidae,Cebus_olivaceus,NA,0,NA,NA,NA,0,no,"no treves 10, might just be individual variation",0,NA,NA,NA,NA,1,none,0,0,0,None,0,0,0,1,NA,NA,0,1
cercopithecidae,Cercocebus_agilis,NA,0,NA,NA,NA,1,incon,"maybe incon to both treves 12,28, lighter in color hill",0,NA,NA,NA,NA,1,inconspicuous,0,1,1,None,0,0,0,1,NA,NA,0,2
cercopithecidae,Cercocebus_galeritus,NA,1,F: less annulations confined to lumbar region hill,Body,F,1,incon,c.g.chrysogaster incon to both treves 29,1,Partial,Cape,M,F: paler than males especially on nape and shoulders hill,1,inconspicuous,0,1,1,None,0,0,0,1,0,1,1,0
cercopithecidae,Cercocebus_torquatus,torquatus,0,NA,NA,NA,1,incon,"c.t.torquatus maybe incon to both treves 7,28, maybe darker “sombrely” no cap for first few months hill",0,NA,NA,NA,NA,1,inconspicuous,0,1,1,None,0,0,0,1,NA,NA,0,2
cercopithecidae,Cercocebus_atys,atys,0,NA,NA,NA,1,incon,"c.t.atys no treves 15,28, more likely to have yellow or red on limbs hill",0,NA,NA,NA,NA,0,inconspicuous,0,1,1,None,0,0,0,1,NA,NA,0,2
cercopithecidae,Cercopithecus_ascanius,NA,0,NA,NA,NA,1,incon,"c.a.schmidtii incon to both treves 31-33, infants are uniformly dark grey, tail has no reddish tinge hill",0,NA,NA,NA,NA,1,inconspicuous,0,1,1,None,0,0,0,1,NA,NA,0,2
cercopithecidae,Cercopithecus_campbelli,NA,0,NA,NA,NA,1,incon,"no treves 31, slightly different from adults in brightness and band size hill",0,NA,NA,NA,NA,1,inconspicuous,0,1,1,None,0,0,0,1,NA,NA,0,2
cercopithecidae,Cercopithecus_cephus,NA,0,NA,NA,NA,1,incon,no hair on the nose hill,0,NA,NA,NA,NA,1,inconspicuous,0,1,1,None,0,0,0,1,NA,NA,0,2
cercopithecidae,Cercopithecus_diana,NA,0,NA,NA,NA,1,incon,"maybe incon to both treves 13,31, charcoal grey or brownish yellow hill",0,NA,NA,NA,NA,1,inconspicuous,0,1,1,None,0,0,0,1,NA,NA,0,2
cercopithecidae,Cercopithecus_dryas,NA,0,NA,NA,NA,1,incon,"incon to both treves 34, more uniform coloration, no black on the limbs colyn",0,NA,NA,NA,NA,1,inconspicuous,0,1,1,None,0,0,0,1,NA,NA,0,2
cercopithecidae,Cercopithecus_erythrogaster,NA,0,NA,NA,NA,1,incon,nose patch is black in juveniles only some adults grow white hairs there hill,0,NA,NA,NA,NA,1,inconspicuous,0,1,1,None,0,0,0,1,NA,NA,0,2
cercopithecidae,Cercopithecus_erythrotis,NA,1,"M: hair on tail, scrotum and surrounding area has hair hill",Pubis,M,1,incon,"no ear tufts, chin and throat are pure white hill",1,Partial,Multiple,M,"M: hair around scrotum is bright orange-red hill, F: dark grey instead of dark green, paler throat and chest, olive grey on the limbs hill",0,inconspicuous,0,1,1,None,0,0,0,1,0,1,1,0
cercopithecidae,Cercopithecus_hamlyni,NA,0,NA,NA,NA,1,con to both,"neonates have a light yellowish brown coat rowe 601, con to both treves 31, uniformly golden yellow hill",1,Partial,NA,NA,might be because of immaturity but overall females had a slightly different pattern than males hill,1,conspicuous,1,0,1,Both,0,0,1,0,0,1,1,5
cercopithecidae,Cercopithecus_lhoesti,NA,0,NA,NA,NA,1,incon,"incon to both treves 31,32, infants are uniformly brown kingdon, hill",1,Partial,Pubis,F,males have a white perineal patch rowe 601,1,inconspicuous,0,1,1,None,0,0,0,1,0,1,1,0
cercopithecidae,Cercopithecus_mitis,NA,1,F: c.m.boutourlinii less annulation of hairs on head and back hill,"Head,Body",F,1,incon,"c.m.boutourlinii: incon to both (grey back, no diadem) treves 31, c.m.mitis: no treves 31, c.m.opisthostictus: incon to both (paler but the crown is wholly black) treves 31, c.m.stuhlmanni: incon to both (uniformly black hill) treves 13, 33 contra 31",1,Partial,NA,NA,slightly different color values between sexes in c.m.schoutedeni c.m.opisthostictus hill,1,inconspicuous,0,1,1,None,0,0,0,1,0,1,1,0
cercopithecidae,Cercopithecus_mona,NA,0,NA,NA,NA,0,NA,NA,0,NA,NA,NA,NA,1,none,0,0,0,None,0,0,0,1,NA,NA,0,1
cercopithecidae,Cercopithecus_neglectus,NA,0,NA,NA,NA,1,incon,"light yellowish brown coat rowe 509, incon to both treves 18,34, infants are completely pale colyn,  infants are generally uniform brown or yellowish brown hill",1,Partial,Pubis,M,"perineum is brownish red in females hill, kingdon",1,inconspicuous,0,1,1,None,0,0,0,1,0,1,1,0
cercopithecidae,Cercopithecus_nictitans,NA,1,females have black hairs in their pubertal region hill,Pubis,F,1,incon,"maybe incon to both treves 13,31, less white on the face, less defined patches, more black on the back hill",0,NA,NA,NA,NA,1,inconspicuous,0,1,1,None,0,0,0,1,NA,NA,0,2
cercopithecidae,Cercopithecus_petaurista,NA,0,NA,NA,NA,0,NA,NA,0,NA,NA,NA,NA,1,none,0,0,0,None,0,0,0,1,NA,NA,0,1
cercopithecidae,Cercopithecus_pogonias,NA,0,NA,NA,NA,0,NA,c.p.grayi no treves 35,1,Partial,Body,M,F: nigripes under parts paler in color,1,none,0,0,0,None,0,0,0,1,0,1,1,0
cercopithecidae,Cercopithecus_preussi,NA,1,females have a black tuft of pubertal hair,Pubis,F,0,NA,NA,1,Partial,Pubis,F,females have a black tuft of pubertal hair,0,none,0,0,0,None,0,0,0,1,0,1,1,0
cercopithecidae,Cercopithecus_sclateri,NA,0,NA,NA,NA,0,NA,NA,0,NA,NA,NA,NA,1,none,0,0,0,None,0,0,0,1,NA,NA,0,1
cercopithecidae,Cercopithecus_solatus,NA,0,NA,NA,NA,0,NA,NA,0,NA,NA,NA,NA,1,none,0,0,0,None,0,0,0,1,NA,NA,0,1
cheirogaleidae,Cheirogaleus_major,NA,0,NA,NA,NA,0,maybe,"c.m.major maybe incon treves 67, young said to be mouse grey hill",0,NA,NA,NA,NA,1,none,0,0,0,None,0,0,0,1,NA,NA,0,1
cheirogaleidae,Cheirogaleus_medius,NA,0,NA,NA,NA,0,NA,NA,0,NA,NA,NA,NA,0,none,0,0,0,None,0,0,0,1,NA,NA,0,1
cebidae,Chiropotes_albinasus,NA,1,tufts on crown and beard much larger in males emmons,Head,M,0,no,"no treves 10, beard and tufts undeveloped, less white hairs on the nose hill",0,NA,NA,NA,NA,1,none,0,0,0,None,0,0,0,1,NA,NA,0,1
cebidae,Chiropotes_chiropotes,NA,0,NA,NA,NA,1,incon,"incon to both treves 10, general color more yellowish-brown than in males",0,NA,NA,NA,NA,0,inconspicuous,0,1,1,None,0,0,0,1,NA,NA,0,2
cebidae,Chiropotes_satanas,NA,1,tufts on crown and beard much larger in males emmons,Head,M,1,incon,"BM2008, incon to both treves 10, less dark, beard and tufts underdeveloped, nose unpigmented hill",1,Partial,Cape,M,females may have a more distinct brownish wash on their shoulders and upper backs hill,0,inconspicuous,0,1,1,None,0,0,0,1,0,1,1,0
cercopithecidae,Chlorocebus_aethiops,NA,0,NA,NA,NA,1,con to both,"primate palette, c.a.pygerythrus incon or con to both treves 30 (dark in color until 4 or 5 months gartland), c.a.sabaeus con to both treves 31, c.a.tantalus con to both (dark grey almost black hill), forehead first to change treves 31, c.a.hilgerti lacking red tuft on tail, hand and feet grey hill",0,Partial,NA,NA,c.a.zavattarii F: more reddish yellow than male hill,1,conspicuous,1,0,1,Both,0,0,1,0,0,1,1,2
cercopithecidae,Colobus_angolensis,NA,1,tail not tufted in females grueter 2015,Tail,F,1,con to both,"infants born white and change to gray and then black in the first six months groves, con to both treves 40",1,Partial,Pubis,F,"M: broad, oval white circumgenital mark F: narrow white perineal stripe groves",1,conspicuous,1,0,1,Both,0,0,1,0,0,1,1,5
cercopithecidae,Colobus_guereza,NA,0,NA,NA,NA,1,con to both,"born white then turns black by age 1 rowe 80, 602, c.g.kikuyensis con to both treves 21,36,40, in depth table in oates 1977",1,Partial,Pubis,F,M: an unbroken circle of white hair in the perineal region F: circle is broken into two patches oates 1977,1,conspicuous,1,0,1,Both,0,0,1,0,0,1,1,5
cercopithecidae,Colobus_polykomos,NA,0,NA,NA,NA,1,con to both,"white fur and pink skin oates, c.p.polykomos con to both treves 17,40-42, cant find treves 42, follows general black and white colobus pattern",0,NA,NA,NA,NA,1,conspicuous,1,0,1,Both,0,0,1,0,NA,NA,0,2
cercopithecidae,Colobus_satanas,NA,0,NA,NA,NA,1,incon,"infant coat is brown rowe 635, incon to both treves 40, oates 1994",0,NA,NA,NA,NA,1,inconspicuous,0,1,1,None,0,0,0,1,NA,NA,0,2
cercopithecidae,Colobus_vellerosus,NA,0,NA,NA,NA,1,con to both,"con to both treves 40, white coat oates",0,NA,NA,NA,NA,1,conspicuous,1,0,1,Both,0,0,1,0,NA,NA,0,2
daubentoniidae,Daubentonia_madagascariensis,NA,0,NA,NA,NA,0,NA,NA,0,NA,NA,NA,NA,0,none,0,0,0,None,0,0,0,1,NA,NA,0,1
cercopithecidae,Erythrocebus_patas,NA,0,NA,NA,NA,1,con to both,"infants are black until 3 months old rowe 346, incon or con to both treves 18, 36-38, palmer",1,Partial,Head,M,during pregnancy the facial hair of females turns white and then reverts back palmer,1,conspicuous,1,0,1,Both,0,0,1,0,0,1,1,5
lemuridae,Eulemur_coronatus,NA,0,NA,NA,NA,0,NA,NA,1,Partial,Head,M,"M: dark gray brown back and dark tail, v on head is orange and orange extends around the face and has black on the side. F: light gray",1,none,0,0,0,None,0,0,0,1,0,1,1,0
lemuridae,Eulemur_fulvus,e. fulvus fulvus is not as sexually dichromatic as other subspecies,1,females tend to have less fullness in the hair on their crown and beard,Head,M,1,con to mom,"infants are the color of adult males, no treves 68, e.f.rufus born with male color",1,Partial,Head,Varies,"head pattern in gender between sub-species vary rowe 580, table in cooper and hosey 2003 has all the subspecies",0,conspicuous,1,0,1,Females only,0,1,0,0,0,1,1,4
lemuridae,Eulemur_flavifrons,NA,1,males have a tuft of hair from the forehead to the back of the head mitt1994,Head,M,1,con to mom,"sexual dichrom in neonates treves 69,70, females must have white ear tuft, infants are brownish black, female tails turn reddish orange after week 4, males are black tailed",1,Complete,NA,M,"orange?? not explicitly described in rowe, females are paler than e.macaco macaco, rufus to tan back, white ventrum, reddish beard and dark extremities mitt1994",0,conspicuous,1,0,1,Females only,0,1,0,0,1,0,1,4
lemuridae,Eulemur_macaco,NA,1,long white ear tufts in females,Head,F,1,NA,"sex dichrom in neonates treves 67,70, e.m.sanfordi no treves 67, infants of both sex start black, females become more brightly colored hill, female infants have the white ear tuft colquhoun",1,Complete,NA,M,"M: all black. F: brown back, white underpants, gray head, long white ear tufts *rowe 580,  females range from light golden brown to dark chestnut brown tatterstall",0,none,0,0,0,None,0,0,0,1,1,0,1,0
lemuridae,Eulemur_mongoz,NA,0,NA,NA,NA,1,Con to dad,infants look like females up to a few months tattersall,1,Complete,NA,M,"M: gray brown back and red hair around the face. F: gray to brown back, white beard, and dark gray face",0,conspicuous,1,0,1,Males only,1,0,0,0,1,0,1,3
lemuridae,Eulemur_rubriventer,NA,0,NA,NA,NA,0,no,differ from adults in its entirely rufous head and blackish nose hill,1,Partial,"Head,Pubis",Varies,M: white patches below the eyes. F: white underparts and reduced white patches,0,none,0,0,0,None,0,0,0,1,0,1,1,0
galagonidae,Euoticus_elegantulus,NA,0,NA,NA,NA,0,no,"more gray all over, look for more specific description, maybe rowe 608, dont think it actually has a natal coat",0,NA,NA,NA,NA,0,none,0,0,0,None,0,0,0,1,NA,NA,0,1
galagonidae,Euoticus_pallidus,NA,0,NA,NA,NA,0,NA,NA,0,NA,NA,NA,NA,0,none,0,0,0,None,0,0,0,1,NA,NA,0,1
galagonidae,Sciurocheirus_alleni,NA,0,NA,NA,NA,0,NA,NA,0,NA,NA,NA,NA,1,none,0,0,0,None,0,0,0,1,NA,NA,0,1
galagonidae,Galago_gallarum,NA,0,NA,NA,NA,0,NA,NA,0,NA,NA,NA,NA,0,none,0,0,0,None,0,0,0,1,NA,NA,0,1
galagonidae,Galago_matschiei,NA,0,NA,NA,NA,0,NA,NA,0,NA,NA,NA,NA,0,none,0,0,0,None,0,0,0,1,NA,NA,0,1
galagonidae,Galago_moholi,NA,0,NA,NA,NA,0,NA,no treves 67,0,NA,NA,NA,NA,1,none,0,0,0,None,0,0,0,1,NA,NA,0,1
galagonidae,Galago_senegalensis,NA,0,NA,NA,NA,0,NA,no treves 67,0,NA,NA,NA,NA,1,none,0,0,0,None,0,0,0,1,NA,NA,0,1
galagonidae,Galagoides_thomasi,NA,0,NA,NA,NA,0,NA,NA,0,NA,NA,NA,NA,0,none,0,0,0,None,0,0,0,1,NA,NA,0,1
galagonidae,Galagoides_zanzibaricus,NA,0,NA,NA,NA,0,NA,NA,0,NA,NA,NA,NA,1,none,0,0,0,None,0,0,0,1,NA,NA,0,1
hominidae,Gorilla_beringei,NA,0,NA,NA,NA,1,incon,"no treves 64, the color was browner in infants, there was a white tail tuft that developed by month 12 and disappeared by month 36 according to fossey who contradicted another researcher",1,Partial,Body,F,"M: silvery white back and gray hips rowe 333, groves",1,inconspicuous,0,1,1,None,0,0,0,1,0,1,1,0
hominidae,Gorilla_gorilla,NA,1,brown sagittal crest,Head,M,1,incon,"White tail tuft; brown haired crown; amount, texture, and distribution of hair alley",1,Partial,Body,F,"M: brown sagittal crest, silvery color on back, rump and thighs rowe 333, groves",1,inconspicuous,0,1,1,None,0,0,0,1,0,1,1,0
lemuridae,Hapalemur_aureus,NA,0,NA,NA,NA,0,NA,NA,0,NA,NA,NA,NA,0,none,0,0,0,None,0,0,0,1,NA,NA,0,1
lemuridae,Hapalemur_griseus,NA,0,NA,NA,NA,1,incon,"juveniles reddish-yellow below hill, grey face mask",0,NA,NA,NA,NA,0,inconspicuous,0,1,1,None,0,0,0,1,NA,NA,0,2
lemuridae,Prolemur_simus,NA,0,NA,NA,NA,0,NA,NA,0,NA,NA,NA,NA,1,none,0,0,0,None,0,0,0,1,NA,NA,0,1
hylobatidae,Hoolock_hoolock,NA,1,"male has small preputial tuft grueter, mootnick, (75 mm long) marshall",Pubis,M,1,Con to dad,"neonates are milky white, females change as subadults rowe 12, infants are fair no contrast to mom con to dad, juveniles are black treves 2,3,5,6, choudhury, mootnick, marshall",1,Complete,NA,M,"M: black with white eyebrows, F: copper tan with whitish eyebrow band, whitish hair around the face and brown cheeks rowe 984, mootnick, marshall",1,conspicuous,1,0,1,Males only,1,0,0,0,1,0,1,3
hylobatidae,Nomascus_concolor,NA,0,NA,NA,NA,1,Con to dad,"infants born yellow, both sexes change to black at 6 months rowe 987, infants con to dad, hands and feet change first treves 2-4, born grey yellow or dark brown changes to black at 6 months zhenhe, start changing at fingers, toes, and face ring mootnick",1,Complete,NA,M,"M: black. F: variable by subspecies, brown buff, buff, or gray with brown to black accents rowe 987, h.c.hainanus females range from cream to brown treves 2-4 zhenhe",0,conspicuous,1,0,1,Males only,1,0,0,0,1,0,1,3
hylobatidae,Nomascus_gabriellae,NA,0,NA,NA,NA,1,Con to dad,infants whitish buff rowe 286,1,Complete,NA,M,"M: black. F: buffy rowe 286, males have reddish gold cheek hair grueter 2015, mootnick",0,conspicuous,1,0,1,Males only,1,0,0,0,1,0,1,3
hylobatidae,Nomascus_leucogenys,NA,1,"crown crests on their heads geismann 2000, mootnick",Head,M,1,Con to dad,"whitish buff coat rowe 988, both sexes turn black by 2 years of age, mootnick",1,Complete,NA,M,"M: black with white fur on their cheeks. F: golden or buff with white halo around their face rowe 988, groves 2001, geissmann 2000, mootnick",1,conspicuous,1,0,1,Males only,1,0,0,0,1,0,1,3
hylobatidae,Symphalangus_syndactylus,NA,1,"males have a long scrotal tuft rowe 118, grueter 2015, 135 mm in length marshall",Pubis,M,0,NA,"no treves 2,7",0,NA,NA,NA,NA,1,none,0,0,0,None,0,0,0,1,NA,NA,0,1
hylobatidae,Hylobates_agilis,NA,1,"cheek hair is longer in males grueter, longer genital tuft in males (50 mm) marshall, mootnick","Head,Pubis",M,1,incon,"contrast varies, infants have face ring treves 1-3, “a.a.albibarbis offspring become same color as same-sex adults”, marshall",1,Partial,Multiple,F,"M: also have white cheeks, males have complete face ring, pubic tuft is tawny in albibarbis F: only have white eyebrows, pubic tuft is dark brown in albibarbis marshall, grueter, mootnick",0,inconspicuous,0,1,1,None,0,0,0,1,0,1,1,0
hylobatidae,Hylobates_klossii,NA,0,NA,NA,NA,0,NA,"no treves 2,7",0,NA,NA,NA,NA,0,none,0,0,0,None,0,0,0,1,NA,NA,0,1
hylobatidae,Hylobates_lar,NA,0,NA,NA,NA,0,NA,"asexually polychromatic treves 2,3,8",0,NA,NA,NA,NA,1,none,0,0,0,None,0,0,0,1,NA,NA,0,1
hylobatidae,Hylobates_moloch,NA,0,NA,NA,NA,1,incon,"infants are lighter rowe 996, no treves 2,7, turn to grey shortly after birth mootnick, marshall",0,NA,NA,NA,NA,1,inconspicuous,0,1,1,None,0,0,0,1,NA,NA,0,2
hylobatidae,Hylobates_muelleri,NA,0,"males genital tuft is 25 mm long mootnick, which is not longer than adjacent fur marshall",NA,NA,1,con to both,"varies treves 2,3,8, infants are lighter mootnick, can either look like adults, have a broad whitish or gray face ring, or be buff all over marshall",1,Partial,Head,F,"M: pale, incomplete face ring. F: can be darker rowe 118, grueter",0,conspicuous,1,0,1,Both,0,0,1,0,0,1,1,5
hylobatidae,Hylobates_pileatus,NA,1,"white pubic tuft in males grueter 2015, mootnick",Pubis,M,1,Con to dad,"cream-colored fur, sub-adult males look like females until maturity, rowe 999, con to dad, infants grey to buff chest, crown or center of chest first to change, mootnick treves 1-3",1,Complete,NA,M,"M: black with white accents. F: silver buff with black accents rowe 999, mootnick",1,conspicuous,1,0,1,Males only,1,0,0,0,1,0,1,3
indridae,Indri_indri,NA,0,NA,NA,NA,1,con to both,"born with pigmented coats that later develop patterns tapanes, Infants are extremely dark or completely black and develop whiter areas between 4 and 6 months of age.",0,NA,NA,NA,NA,1,conspicuous,1,0,1,Both,0,0,1,0,NA,NA,0,2
cebidae,Oreonax_flavicauda,NA,1,"males have a long yellow pubic hair tuft, females have two short pubic hair tufts miller 1931, grueter 2015, emmons",Pubis,Both,0,NA,NA,0,NA,NA,NA,NA,0,none,0,0,0,None,0,0,0,1,NA,NA,0,1
cebidae,Lagothrix_lagotricha,NA,1,"males have long, stiff hair around the scrotum, elongated hairs in a tuft on the chest, pubic tuft a little different between sexes hill",Pubis,Both,1,incon,"infants are straw colored emmons, natal coat is lighter rowe 684, l.l. poeppigii no contrast but there is a natal coat treves 10,23 dorsal changes first, uniformly grey hill",0,NA,NA,NA,NA,0,inconspicuous,0,1,1,None,0,0,0,1,NA,NA,0,2
lemuridae,Lemur_catta,NA,0,NA,NA,NA,0,NA,"no treves 67,68,71",0,NA,NA,NA,NA,0,none,0,0,0,None,0,0,0,1,NA,NA,0,1
callitrichidae,Leontopithecus_caissara,NA,0,NA,NA,NA,0,NA,NA,0,NA,NA,NA,NA,0,none,0,0,0,None,0,0,0,1,NA,NA,0,1
callitrichidae,Leontopithecus_chrysomelas,NA,0,NA,NA,NA,0,NA,NA,0,NA,NA,NA,NA,1,none,0,0,0,None,0,0,0,1,NA,NA,0,1
callitrichidae,Leontopithecus_chrysopygus,NA,0,NA,NA,NA,0,NA,"no, treves 17, 20",0,NA,NA,NA,NA,0,none,0,0,0,None,0,0,0,1,NA,NA,0,1
callitrichidae,Leontopithecus_rosalia,NA,0,NA,NA,NA,1,incon,"l.r.rosalia incon to both treves 20, paler than adults, hair “lustrous” yellow at birth",0,NA,NA,NA,NA,0,inconspicuous,0,1,1,None,0,0,0,1,NA,NA,0,2
megaladapidae,Lepilemur_dorsalis,NA,0,NA,NA,NA,0,NA,NA,0,NA,NA,NA,NA,0,none,0,0,0,None,0,0,0,1,NA,NA,0,1
megaladapidae,Lepilemur_edwardsi,NA,0,NA,NA,NA,0,NA,NA,0,NA,NA,NA,NA,0,none,0,0,0,None,0,0,0,1,NA,NA,0,1
megaladapidae,Lepilemur_leucopus,NA,0,NA,NA,NA,0,NA,NA,0,NA,NA,NA,NA,1,none,0,0,0,None,0,0,0,1,NA,NA,0,1
megaladapidae,Lepilemur_microdon,NA,0,NA,NA,NA,0,NA,NA,0,NA,NA,NA,NA,0,none,0,0,0,None,0,0,0,1,NA,NA,0,1
megaladapidae,Lepilemur_mustelinus,NA,0,NA,NA,NA,0,NA,NA,0,NA,NA,NA,NA,1,none,0,0,0,None,0,0,0,1,NA,NA,0,1
megaladapidae,Lepilemur_ruficaudatus,NA,0,NA,NA,NA,0,NA,NA,0,NA,NA,NA,NA,1,none,0,0,0,None,0,0,0,1,NA,NA,0,1
megaladapidae,Lepilemur_septentrionalis,NA,0,NA,NA,NA,0,NA,NA,0,NA,NA,NA,NA,0,none,0,0,0,None,0,0,0,1,NA,NA,0,1
cercopithecidae,Lophocebus_albigena,NA,0,NA,NA,NA,1,incon,"l.a.johnstoni no treves 28,33,43, in hill this subspecies was uniformly black and got more brown as it aged, infant is darker in zenkeri subspecies, overall the infants are darker with less color variation",1,Partial,Multiple,M,"F: paler around ears, hind-neck, and mantle, fewer white rings on mantle hairs, underparts reddish black hill",1,inconspicuous,0,1,1,None,0,0,0,1,0,1,1,0
cercopithecidae,Lophocebus_aterrimus,NA,0,NA,NA,NA,0,NA,no treves 28,0,NA,NA,NA,NA,1,none,0,0,0,None,0,0,0,1,NA,NA,0,1
loridae,Loris_tardigradus,"NC: lydekkerianus, nordicus, nycticeboides, tardigradus",0,NA,NA,NA,1,incon,"l.t.grandis incon to dad (females and infants darker hill), l.t.lydekkerianus incon to both (silver-gray dorsal, white ventral hill), l.t.nordicus incon to both (infants similar to ydekkerianus hill), l.t.nycticeboides incon to mom (dark gray hill), l.t.tardigradus incon to both (slaty-gray dorsum, white ventral, chestnut patches around the eyes hill)",1,Complete,NA,Varies,"nycticeboides F:paler, tardigradus M:russet F: more brown, grandis M:dark grey or brown grey on the dorsum, white ventral F: darker",1,inconspicuous,0,1,1,None,0,0,0,1,1,0,1,0
cercopithecidae,Macaca_arctoides,NA,1,"males have balding hill (describes the studies by uno), glucksmann, females have shorter dorsal hair fooden","Head,Body",Both,1,con to both,"neonates are creamy white rowe 650, con to both treves 44, lumbrosacral region turns brown by 1 year fooden, hill",1,Partial,Body,M,females may be paler than males hill,1,conspicuous,1,0,1,Both,0,0,1,0,0,1,1,5
cercopithecidae,Macaca_assamensis,NA,1,may be a short square-cut beard in females but the side whiskers are not as full hill,Head,F,1,incon,"skin turns red in adults rowe 509, incon to both treves 28, slightly different composition of yellow-reddish-brown to infants and juveniles versus adults hill",0,NA,NA,NA,NA,1,inconspicuous,0,1,1,None,0,0,0,1,NA,NA,0,2
cercopithecidae,Macaca_cyclopis,NA,0,NA,NA,NA,1,incon,"incon to both treves 28, upper part of newborns slate colored, more golden, different shades of grey, line of dark hairs on forehead hill",1,Partial,Body,M,F: dorsal hair more yellow hill,1,inconspicuous,0,1,1,None,0,0,0,1,0,1,1,0
cercopithecidae,Macaca_fascicularis,NA,1,M: cheek whiskers and mustache (especially in older males hill). F: beard (long beard around the chin roonwal) rowe 210,Head,Both,1,incon,"born black rowe 210, born black become a mix of brown and grey wl2019, incon to both treves 46, crockett, hill, newborns are sparsely haired have a dark cap and a spinal streak roonwal",1,Partial,Head,F,"slight color differences in the facial hair, cheek hair is white in males",1,inconspicuous,0,1,1,None,0,0,0,1,0,1,1,0
cercopithecidae,Macaca_fuscata,NA,0,NA,NA,NA,1,incon,"might be incon to both treves 19,28,33,35, neonates with dark brown, almost black pelage hill",1,Partial,Body,M,females may be paler hill,1,inconspicuous,0,1,1,None,0,0,0,1,0,1,1,0
cercopithecidae,Macaca_hecki,NA,1,"F: less prominent crest on the crown fooden, hill",Head,M,1,incon,"no treves 28,47, arms and legs of juveniles darker fooden, hill",1,Partial,Head,M,F: more likely to grey with age same pattern as m.maura hill,0,inconspicuous,0,1,1,None,0,0,0,1,0,1,1,0
cercopithecidae,Macaca_maura,NA,0,NA,NA,NA,1,incon,"might be incon to both treves 28,47, juveniles might be slightly paler but infants are black with grey faces fooden, hill",1,Partial,Multiple,M,"females may be paler, greying occurs differently F: crown/nape, upper back, arms M: arms, back, legs fooden",1,inconspicuous,0,1,1,None,0,0,0,1,0,1,1,0
cercopithecidae,Macaca_mulatta,NA,1,shorter hair in females,All,F,1,incon,"less red in the face and genital region rowe 210, incon to both treves 28,46 roonwal, infant coated dorsally with dark brown, almost black, unbanded hairs hill",1,Partial,Multiple,M,"F: greener crown and forequarters, arms paler grey, rump and loins brighter hill",1,inconspicuous,0,1,1,None,0,0,0,1,0,1,1,0
cercopithecidae,Macaca_nemestrina,NA,1,subspecies leonina: long shoulder hairs in male may be a mane hill,Mane,M,1,incon,"incon to both treves 28,45, infants born black crockett, infants are black but juveniles lack darker elements along the spine and crown hill",0,NA,NA,NA,NA,1,inconspicuous,0,1,1,None,0,0,0,1,NA,NA,0,2
cercopithecidae,Macaca_nigra,NA,0,NA,NA,NA,1,incon,"multiple subspecies no treves 17,26 and 7,39,41,47, infants somewhat paler than adults and lack the crest on the crown fooden, hill",1,Partial,Body,M,females somewhat paler fooden,1,inconspicuous,0,1,1,None,0,0,0,1,0,1,1,0
cercopithecidae,Macaca_nigrescens,NA,0,NA,NA,NA,1,incon,"maybe incon to both treves 28,47, paler than adults without tuft hill, darkens with age fooden",0,NA,NA,NA,NA,0,inconspicuous,0,1,1,None,0,0,0,1,NA,NA,0,2
cercopithecidae,Macaca_ochreata,NA,0,NA,NA,NA,1,incon,"infants are brown and slowly change to black fooden. maybe incon to both hill, fooden",0,NA,NA,NA,NA,0,inconspicuous,0,1,1,None,0,0,0,1,NA,NA,0,2
cercopithecidae,Macaca_radiata,NA,0,NA,NA,NA,1,incon,"incon to both treves 28, infants are uniformly dark (almost black) hill, newborns are chocolate colored juveniles are lighter brown roonwal",1,Partial,Body,M,dorsal pelage tending to paler with greater predominance of yellow in females hill,1,inconspicuous,0,1,1,None,0,0,0,1,0,1,1,0
cercopithecidae,Macaca_silenus,NA,0,NA,NA,NA,1,incon,"neonates have brown hair and pale pink skin roonwal, hill incon to both, head changes first, infants lack mane, tail tuft, hair on chest treves 16",0,NA,NA,NA,NA,1,inconspicuous,0,1,1,None,0,0,0,1,NA,NA,0,2
cercopithecidae,Macaca_sinica,NA,0,NA,NA,NA,1,incon,"m.s.aurifrons: incon or con to both (infant born with black hair hill) treves 28, m.s.sinica incon to both treves 28, newborns are deep olive-brown with slight yellow on shoulders and lateral aspects of limbs, no bonnet hill",0,NA,NA,NA,NA,1,inconspicuous,0,1,1,None,0,0,0,1,NA,NA,0,2
cercopithecidae,Macaca_sylvanus,NA,1,males have a beard and elongated hairs around the neck hill,Head,M,0,maybe,"lighter color maybe rowe 210, maybe no, incon, or con to both treves 28,41, natal pelage black hill",0,NA,NA,NA,NA,1,none,0,0,0,None,0,0,0,1,NA,NA,0,1
cercopithecidae,Macaca_thibetana,NA,1,females whiskers are a little shorter hill,Head,F,1,incon,"infants are blackish with silver that changes to yellow at age 2 (not what the source says) rowe 929, no treves 48, dorsal pelage is pale greyish-brown in infants fooden",1,Partial,Body,M,females lighter on the underparts and rustier elsewhere hill,1,inconspicuous,0,1,1,None,0,0,0,1,0,1,1,0
cercopithecidae,Macaca_tonkeana,NA,0,NA,NA,NA,1,incon,"maybe incon treves 28,47, infants are darker than adults on the head, throat, and rump, crown is blackish, cheeks, throat patch, and rump patch pale brownish fooden, hill",1,Partial,Multiple,M,"greying occurs in some females starts at the nape, then back and arms, then crown and legs fooden, hill",1,inconspicuous,0,1,1,None,0,0,0,1,0,1,1,0
cercopithecidae,Mandrillus_leucophaeus,NA,1,"shoulder mane, whiskers","Head, Cape",M,1,incon,"incon to both treves 7,49, pale grey pelage on the dorsum, dark cap on the head, whitish hairs on the ventrum, sandier than adults, may be yellow-olive hill",1,Partial,Head,M,"Males have red on their lips and older males also have it on their cheeks, some males have white whiskers on their cheeks",1,inconspicuous,0,1,1,None,0,0,0,1,0,1,1,0
cercopithecidae,Mandrillus_sphinx,NA,1,"M: a larger beard than the female, scalp and nuchal crest of hair, shoulder ‘mane’ of hair, epigastric fringe of white hair grueter 2015",Multiple,M,1,incon,"juveniles look more like females (duller blue snout and buffy beard) rowe, maybe incon treves 18,33,49, newborns are uniform dark brownish-olive hill",1,Partial,Multiple,M,"M: orange yellow beard, red and blue snout and rump. F: buffy beard, duller blue snout",1,inconspicuous,0,1,1,None,0,0,0,1,0,1,1,0
cheirogaleidae,Microcebus_murinus,NA,0,NA,NA,NA,0,NA,no treves 66,0,NA,NA,NA,NA,1,none,0,0,0,None,0,0,0,1,NA,NA,0,1
cheirogaleidae,Microcebus_myoxinus,NA,0,NA,NA,NA,0,NA,NA,0,NA,NA,NA,NA,0,none,0,0,0,None,0,0,0,1,NA,NA,0,1
cheirogaleidae,Microcebus_rufus,NA,0,NA,NA,NA,0,NA,NA,0,NA,NA,NA,NA,0,none,0,0,0,None,0,0,0,1,NA,NA,0,1
cercopithecidae,Miopithecus_talapoin,NA,0,NA,NA,NA,1,incon,"no treves 31,33,39, juveniles lack the black maxillary patches and have less yellow in the pelage hill",1,Partial,Body,M,females are less richly colored hill,1,inconspicuous,0,1,1,None,0,0,0,1,0,1,1,0
cercopithecidae,Simias_concolor,NA,0,NA,NA,NA,1,incon,lighter face in infants,0,NA,NA,NA,"maybe? rowe 838, 80",1,inconspicuous,0,1,1,None,0,0,0,1,NA,NA,0,2
cercopithecidae,Nasalis_larvatus,NA,1,cloak more prominent in males chaplin,Cape,M,1,incon,"infants have a dark blue face payne rowe 654, no treves 50",1,Partial,Multiple,F,"M: tail and rump more whitish, pale collar around front and sides of neck payne, cloak more prominent in males chaplin",1,inconspicuous,0,1,1,None,0,0,0,1,0,1,1,0
loridae,Nycticebus_coucang,NA,0,NA,NA,NA,1,incon,"gray body, silvery white limbs with long hairs* rowe 704, maybe incon to both treves 46,67, may only be one subspecies, but it seems to have been present in acharjyo, aposematism to warn against predators (Nekaris 2019)",0,NA,NA,NA,NA,0,inconspicuous,0,1,1,None,0,0,0,1,NA,NA,0,2
loridae,Nycticebus_pygmaeus,NA,0,NA,NA,NA,1,incon,"incon to both treves, darker orbital ring in juveniles, interocular strip is yellowish, more of a cinnamon color all over hill",0,NA,NA,NA,NA,1,inconspicuous,0,1,1,None,0,0,0,1,NA,NA,0,2
galagonidae,Otolemur_crassicaudatus,NA,0,NA,NA,NA,0,NA,no treves 67,0,NA,NA,NA,NA,1,none,0,0,0,None,0,0,0,1,NA,NA,0,1
galagonidae,Otolemur_garnettii,NA,0,NA,NA,NA,0,NA,NA,0,NA,NA,NA,NA,1,none,0,0,0,None,0,0,0,1,NA,NA,0,1
hominidae,Pan_paniscus,NA,0,NA,NA,NA,0,NA,NA,0,NA,NA,NA,NA,1,none,0,0,0,None,0,0,0,1,NA,NA,0,1
hominidae,Pan_troglodytes,NA,1,"pattern of balding, detailed in groves",Head,F,1,incon,"infants have a white tail tuft and a pink to brown face rowe 900, no treves 33,65, miller, pattern of face color varies by subspecies groves, goodall (i did not add them to the bibliography but they are her large monographs)",0,NA,NA,NA,NA,1,inconspicuous,0,1,1,None,0,0,0,1,NA,NA,0,2
cercopithecidae,Papio_anubis,NA,1,males have longer hair on their shoulders rowe 601 mane more prominent in males grueter 2015,Mane,M,1,incon,"varies by subspecies, infants are more yellow or less distinctly colored hill",1,Partial,Multiple,M,"varies by subspecies, females may be more yellow, not have as much black coloring, different patterns hill",1,inconspicuous,0,1,1,None,0,0,0,1,0,1,1,0
cercopithecidae,Papio_cynocephalus,NA,1,"males have manes rowe 601, females dont have mantles hill",Mane,M,1,incon,"infants have a black coat rowe 16 (altmann), incon to both treves 33,49,51, infants are black up to 6 months hendy, more uniformly colored in dull colors hill",0,NA,NA,NA,NA,1,inconspicuous,0,1,1,None,0,0,0,1,NA,NA,0,2
cercopithecidae,Papio_hamadryas,NA,1,"males have a long shoulder cape, grown at age 10 rowe 601, 475, long silvery hair on sides of face grueter 2015","Head, Cape",M,1,incon,"infants are black rowe 601, incon to mom con to dad treves 18,41,49, black for the first 6 months kummer, juvenile males resemble females until 4-6 years hill",1,Complete,NA,M,M: gray. F: olive brown rowe 601,1,inconspicuous,0,1,1,None,0,0,0,1,1,0,1,0
cercopithecidae,Papio_papio,NA,1,"males have longer hair on shoulders, crown, and sides of face","Head, Cape",M,1,incon,incon to both treves 15,0,NA,NA,NA,NA,0,inconspicuous,0,1,1,None,0,0,0,1,NA,NA,0,2
cercopithecidae,Papio_ursinus,NA,1,"F: poorly developed mane grueter 2015, F: less developed mane, shorter muzzle",Mane,M,1,incon,"infants are black, change by age 1 rowe 601, infants have short mostly uniform black hairs hill",1,Partial,Body,M,"F: some subspecies are duller, dont have dark hair on extremities hill",1,inconspicuous,0,1,1,None,0,0,0,1,0,1,1,0
loridae,Perodicticus_potto,NA,0,NA,NA,NA,1,incon,"p.p.edwardsi incon to both (juveniles have a silvery coat head changes first hill), p.p.ibeanus incon to both (woolly-coated , whitish with faint cinnamon wash hill), p.p.juju no , p.p.potto no contrast (juveniles darker hill) treves 67, unclear subspecies incon to bot treves 73,  full description of single infant in walker 1968 page",0,NA,NA,NA,NA,0,inconspicuous,0,1,1,None,0,0,0,1,NA,NA,0,2
cheirogaleidae,Phaner_furcifer,NA,0,NA,NA,NA,0,NA,NA,0,NA,NA,NA,NA,0,none,0,0,0,None,0,0,0,1,NA,NA,0,1
cebidae,Pithecia_aequatorialis,NA,0,NA,NA,NA,0,NA,NA,1,Partial,Head,F,females may have a distinctly darker cheek and crown than males emmons,0,none,0,0,0,None,0,0,0,1,0,1,1,0
cebidae,Pithecia_albicans,NA,0,NA,NA,NA,1,incon,"neonates have a dark brown coat and a naked tail rowe 416 (cant find this article), hood less erect in juveniles hill",0,NA,NA,NA,NA,0,inconspicuous,0,1,1,None,0,0,0,1,NA,NA,0,2
cebidae,Pithecia_irrorata,NA,0,NA,NA,NA,0,NA,NA,0,NA,NA,NA,NA,1,none,0,0,0,None,0,0,0,1,NA,NA,0,1
cebidae,Pithecia_monachus,NA,0,NA,NA,NA,1,incon,"more black emmons, hood not as developed hill",1,Partial,Head,F,"M: buffy crown hairs rowe 87 buchanan, grueter 2015, underparts somewhat lighter in milleri subspecies hill",1,inconspicuous,0,1,1,None,0,0,0,1,0,1,1,0
cebidae,Pithecia_pithecia,"chrysocephala, pithecia",1,hair length around the head differs between the sexes hill,Head,M,1,Con to dad,"infants are the same color as the mother, males start changing at 2 months rowe, in p.p.chrysocephala sexual dimorphism occurs in neonates treves 10, p.p.pithecia incon to both treves 12,25",1,Complete,NA,M,"M: black with a white face mask and black nose. F: agouti brown with white stripes along the sides of the nose rowe 196, males that do not change color from natal coat are expelled from the group (PH2020) grueter 2015, hill",1,conspicuous,1,0,1,Males only,1,0,0,0,1,0,1,3
pongidae,Pongo_abelii,NA,1,"male cheek pads are covered with fine white hair rowe 512, beards are longer in flanged males, longer hair on shoulders and body grueter 2015, beards and a well developed mustache groves",Multiple,M,0,NA,NA,1,Partial,Head,F,male cheek pads are covered with fine white hair rowe 512,1,none,0,0,0,None,0,0,0,1,0,1,1,0
pongidae,Pongo_pygmaeus,NA,1,"rowe 112, beards are longer in males, “Male’s beard is much larger than female’s, much longer hair on shoulders and body” grueter 2015",Multiple,M,0,maybe,NA,0,NA,NA,NA,NA,1,none,0,0,0,None,0,0,0,1,NA,NA,0,1
cercopithecidae,Presbytis_comata,NA,0,NA,NA,NA,1,incon,"incon or con to both treves 40, whitish with a dark stripe on the back oates et al, ruhiyat",0,NA,NA,NA,NA,0,inconspicuous,0,1,1,None,0,0,0,1,NA,NA,0,2
cercopithecidae,Presbytis_femoralis,NA,0,NA,NA,NA,0,maybe,"whitish with a dark stripe on the back oates et al, i think",0,NA,NA,NA,NA,0,none,0,0,0,None,0,0,0,1,NA,NA,0,1
cercopithecidae,Presbytis_frontata,NA,0,NA,NA,NA,1,con to both,"may be femoralis. con to both treves 40,52, white with dark stripe, probably",0,NA,NA,NA,NA,0,conspicuous,1,0,1,Both,0,0,1,0,NA,NA,0,2
cercopithecidae,Presbytis_hosei,NA,0,NA,NA,NA,1,con to both,"infants are white with a darker spinal stripe rowe 543 medway, incon or con to both treves 40",1,Partial,Head,F,"females of hosei subspecies have a darker head rowe 543, medway",1,conspicuous,1,0,1,Both,0,0,1,0,0,1,1,5
cercopithecidae,Presbytis_melalophos,NA,0,NA,NA,NA,1,con to both,"neonates are white with a dark stripe down the back and across the shoulders rowe 602, con to both treves 40,52,53, white young with dark cruciger pattern aimi, ruhiyat",0,NA,NA,NA,NA,0,conspicuous,1,0,1,Both,0,0,1,0,NA,NA,0,2
cercopithecidae,Presbytis_potenziani,NA,0,NA,NA,NA,1,con to both,"whitish gray with a dark stripe down the back rowe 840 couldnt find in source, con to both treves 40,50,54, infants are orange medway, infants are golden groves",0,NA,NA,NA,NA,0,conspicuous,1,0,1,Both,0,0,1,0,NA,NA,0,2
cercopithecidae,Presbytis_rubicunda,NA,0,NA,NA,NA,1,con to both,"con to both dorsal tail changes first treves 33,40, whitish with a dark stripe on the back oates et al",0,NA,NA,NA,NA,0,conspicuous,1,0,1,Both,0,0,1,0,NA,NA,0,2
cercopithecidae,Presbytis_thomasi,NA,0,NA,NA,NA,1,con to both,"incon or con to both treves 40,52, white with dark stripe on back",0,NA,NA,NA,NA,0,conspicuous,1,0,1,Both,0,0,1,0,NA,NA,0,2
cercopithecidae,Procolobus_badius,NA,0,NA,NA,NA,1,incon,"incon to both treves 33,55,40, temminckii: generally light beige or grey, lighter than adults, less orange. badius: grey back, white ventrum, no black on tail. tephrosceles: black with gray ventrum struhsaker",0,NA,NA,NA,NA,0,inconspicuous,0,1,1,None,0,0,0,1,NA,NA,0,2
cercopithecidae,Procolobus_pennantii,NA,0,NA,NA,NA,0,maybe,NA,0,NA,NA,NA,NA,1,none,0,0,0,None,0,0,0,1,NA,NA,0,1
cercopithecidae,Procolobus_preussi,NA,0,NA,NA,NA,1,incon,"black dorsum not smoky, ventrum lighter grey, no sandy color, grey on limbs, sides, and tail struhsaker",0,NA,NA,NA,NA,0,inconspicuous,0,1,1,None,0,0,0,1,NA,NA,0,2
cercopithecidae,Procolobus_rufomitratus,NA,0,NA,NA,NA,1,incon,"incon to both treves 40,55, completely dark without any red, orange, or brown struhsaker",0,NA,NA,NA,NA,1,inconspicuous,0,1,1,None,0,0,0,1,NA,NA,0,2
cercopithecidae,Procolobus_verus,NA,0,NA,NA,NA,1,incon,"infants are darker rowe 635, incon to both treves 40, oates",0,NA,NA,NA,NA,1,inconspicuous,0,1,1,None,0,0,0,1,NA,NA,0,2
indridae,Propithecus_diadema,NA,0,NA,NA,NA,0,no,"look at rowe 580, irwin 2006. no treves 66 (this has to be the wrong source), juveniles are paler, frontal band is yellower, limbs lighter yellow hill",0,NA,NA,NA,NA,0,none,0,0,0,None,0,0,0,1,NA,NA,0,1
indridae,Propithecus_tattersalli,NA,0,NA,NA,NA,0,NA,no treves 71,0,NA,NA,NA,NA,0,none,0,0,0,None,0,0,0,1,NA,NA,0,1
indridae,Propithecus_verreauxi,NA,0,NA,NA,NA,1,incon,"incon to both treves 67,68, infants entirely white except for dark brown spot on crown and occasional rufous wash on ventral hill",0,NA,NA,NA,NA,0,inconspicuous,0,1,1,None,0,0,0,1,NA,NA,0,2
cercopithecidae,Pygathrix_cinerea,NA,0,NA,NA,NA,0,NA,NA,0,NA,NA,NA,NA,0,none,0,0,0,None,0,0,0,1,NA,NA,0,1
cercopithecidae,Pygathrix_nemaeus,NA,1,"M: longer white hair around the face, a beard lippold",Head,M,1,incon,"infants are gray with a black face and two pale stripes beneath the eyes napier, no treves 50, lippold",1,Partial,Body,F,"M: wider white cuffs on the arm, two circular white spots above the white rump patch lippold",1,inconspicuous,0,1,1,None,0,0,0,1,0,1,1,0
cercopithecidae,Pygathrix_nigripes,NA,1,"whiskers/goatee longer in males grueter 2015, lippold",Head,M,1,incon,"infants are gray with a black face and two pale stripes beneath the eyes napier, lippold",1,Partial,Body,F,two circular white spots above the white rump patch lippold,1,inconspicuous,0,1,1,None,0,0,0,1,0,1,1,0
cercopithecidae,Rhinopithecus_avunculus,NA,1,"Male body fur slightly fuller, Longer corkscrew hair on male tail, male has a more fully developed ruff around face grueter",Multiple,M,1,incon,"brown whitish gray and gradually darken rowe 75, boonratana, the head, ventral and medial aspects are white, the dorsal aspects are black, the collar region is a faint yellow chaplin",1,Partial,Multiple,F,"orange throat patch, creamy white hair on tail, and dark coloration around the mouth is more prominent in males boonratana",1,inconspicuous,0,1,1,None,0,0,0,1,0,1,1,0
cercopithecidae,Rhinopithecus_bieti,NA,1,"males have longer hair on back and thighs grueter 2015, cape is longer in males chaplin","Cape,Body",M,1,incon,"“a dark flat cap and a white or pale gray coat with a yellow or red tint on their bodies” WL2019, adult coat develops from head to tail chaplin",1,Partial,Multiple,F,males are more contrastingly colored grueter 2015,1,inconspicuous,0,1,1,None,0,0,0,1,0,1,1,0
cercopithecidae,Rhinopithecus_brelichi,NA,1,M: slightly longer capes chaplin,Cape,M,1,incon,infants are gray rowe 80,1,Partial,Multiple,F,"M: white patch between shoulders rowe 80, red hair on back of head, gingery-red underside of limbs grueter 2015",1,inconspicuous,0,1,1,None,0,0,0,1,0,1,1,0
cercopithecidae,Rhinopithecus_roxellana,NA,1,"males have granulomatous flanges on the side of the mouth (probably the lip warts) rowe 80, longer hair on shoulders in males chaplin",Cape,M,1,con to both,"con to both, cheeks, outer arms change first treves 56, dorsum dark gray ventrum whitish gray rapaport, have a phase where they are pure gold in color before becoming darker as adults chaplin",0,NA,NA,NA,NA,1,conspicuous,1,0,1,Both,0,0,1,0,NA,NA,0,2
callitrichidae,Saguinus_bicolor,NA,0,NA,NA,NA,0,no,"s.b.bicolor no treves 17,20, face and crown anterior to ears covered in short white hairs",1,Partial,Tail,F,black on tail may go further in females,0,none,0,0,0,None,0,0,0,1,0,1,1,0
callitrichidae,Leontocebus_fuscicollis,NA,0,NA,NA,NA,0,no,"no treves 20, maybe more distinct yellowish forehead, red-brown mantle on other parts of body hill",0,NA,NA,NA,NA,1,none,0,0,0,None,0,0,0,1,NA,NA,0,1
callitrichidae,Saguinus_geoffroyi,NA,0,NA,NA,NA,0,NA,NA,0,NA,NA,NA,NA,0,none,0,0,0,None,0,0,0,1,NA,NA,0,1
callitrichidae,Saguinus_imperator,subgriscens,1,"mustaches, rowe 226, miller",Head,M,1,incon,"s.i.subgriscens no treves 7, other subspecies incon to both treves 20, more brownish on the crown, color of underparts lighter, shorter mustache",1,Partial,Body,NA,more grey on the dorsal side,0,inconspicuous,0,1,1,None,0,0,0,1,0,1,1,0
callitrichidae,Saguinus_inustus,NA,0,NA,NA,NA,0,NA,NA,0,NA,NA,NA,NA,1,none,0,0,0,None,0,0,0,1,NA,NA,0,1
callitrichidae,Saguinus_labiatus,NA,0,NA,NA,NA,0,NA,NA,0,NA,NA,NA,NA,0,none,0,0,0,None,0,0,0,1,NA,NA,0,1
callitrichidae,Saguinus_leucopus,NA,0,NA,NA,NA,0,NA,NA,0,NA,NA,NA,"hill mentions two opposing views on dichromatism, females may have frosted silvery-white tipped hair on dorsal surface",0,none,0,0,0,None,0,0,0,1,NA,NA,0,1
callitrichidae,Saguinus_midas,NA,0,NA,NA,NA,1,incon,"infants have pale fur on their face (transverse frontal band and patch on each cheek) that turns black with age, more conspicuous buff fleckings on the back rowe 198, maybe incon to both treves 20,26",0,NA,NA,NA,NA,1,inconspicuous,0,1,1,None,0,0,0,1,NA,NA,0,2
callitrichidae,Saguinus_mystax,NA,0,NA,NA,NA,0,NA,NA,0,NA,NA,NA,females have white hair around the genitals hill,1,none,0,0,0,None,0,0,0,1,NA,NA,0,1
callitrichidae,Leontocebus_nigricollis,NA,0,NA,NA,NA,0,no,"no treves 20, may have slightly longer white hairs at corner of the mouth hill",0,NA,NA,NA,rowe 509,0,none,0,0,0,None,0,0,0,1,NA,NA,0,1
callitrichidae,Saguinus_oedipus,NA,0,NA,NA,NA,0,no,"no treves 20, hill thinks that the headdress might not be developed in infants, young have short white hairs on “crest” emmons",0,NA,NA,NA,NA,0,none,0,0,0,None,0,0,0,1,NA,NA,0,1
callitrichidae,Leontocebus_tripartitus,NA,0,NA,NA,NA,0,NA,NA,0,NA,NA,NA,NA,0,none,0,0,0,None,0,0,0,1,NA,NA,0,1
cebidae,Saimiri_boliviensis,NA,0,NA,NA,NA,0,NA,NA,1,Partial,Head,F,"M: gray, F: black arches are differentiated, subspecies vary",1,none,0,0,0,None,0,0,0,1,0,1,1,0
cebidae,Saimiri_oerstedii,NA,0,NA,NA,NA,0,NA,no treves 10,0,NA,NA,NA,NA,1,none,0,0,0,None,0,0,0,1,NA,NA,0,1
cebidae,Saimiri_sciureus,NA,0,NA,NA,NA,0,NA,"no treves 10,27",0,NA,NA,NA,NA,1,none,0,0,0,None,0,0,0,1,NA,NA,0,1
cebidae,Saimiri_ustus,NA,0,NA,NA,NA,0,NA,NA,1,Partial,Head,F,"females have a blackish temporal band, males have a buffy to agouti preauricular patch hersh",1,none,0,0,0,None,0,0,0,1,0,1,1,0
cebidae,Saimiri_vanzolinii,NA,0,NA,NA,NA,0,NA,NA,0,NA,NA,NA,NA,1,none,0,0,0,None,0,0,0,1,NA,NA,0,1
cercopithecidae,Semnopithecus_entellus,NA,1,"s.e.achates: male facial hair longer, s.e.schistaceus: male facial hair longer, s.e.ajax: ruff around head is fuller in males grueter, dont know what their specific source is",Head,M,1,con to both,"s.e.hypoleucus incon to both treves 40, other subspecies con to both crown, head, beard first treves 33,40,57, blackish brown coloration of young infants oates et al, brown coat color jay",0,NA,NA,NA,NA,1,conspicuous,1,0,1,Both,0,0,1,0,NA,NA,0,2
tarsiidae,Tarsius_bancanus,NA,0,NA,NA,NA,1,incon,"incon to both treves 73, more uniformly colored, no rufous markings, golden wash on face and rump hill vol.2",0,NA,NA,NA,NA,0,inconspicuous,0,1,1,None,0,0,0,1,NA,NA,0,2
tarsiidae,Tarsius_dentatus,NA,0,NA,NA,NA,0,NA,NA,0,NA,NA,NA,NA,0,none,0,0,0,None,0,0,0,1,NA,NA,0,1
tarsiidae,Tarsius_pumilus,NA,0,NA,NA,NA,0,NA,NA,0,NA,NA,NA,NA,0,none,0,0,0,None,0,0,0,1,NA,NA,0,1
tarsiidae,Tarsius_tarsier,NA,0,NA,NA,NA,0,NA,NA,0,NA,NA,NA,NA,1,none,0,0,0,None,0,0,0,1,NA,NA,0,1
tarsiidae,Tarsius_syrichta,NA,0,NA,NA,NA,1,incon,"maybe incon to both treves 73,74, infants are more uniformly colored than adults, butt is paler hill vol.2",0,NA,NA,NA,NA,1,inconspicuous,0,1,1,None,0,0,0,1,NA,NA,0,2
cercopithecidae,Theropithecus_gelada,NA,1,"long capes, Male has long cape of shoulder hair, long hair on top and sides of head grueter 2015",Cape,M,1,incon,"incon to both head changes first treves 7,12,49, dark smoky brown with basal third of the dorsal hairs greyish hill",1,Partial,Cape,M,"males have darker capes rowe 601, females in one subspecies more fulvous, maybe different but might be individual variation hill",1,inconspicuous,0,1,1,None,0,0,0,1,0,1,1,0
cercopithecidae,Trachypithecus_johnii,NA,0,NA,NA,NA,1,con to both,"incon or con to both treves 40,50,61, poirier 1986 b struhsaker, “The hair is reddish-brown until 10 weeks old, then it turns dark black. The pink skin darkens, and the hair tuft develops at 14 weeks. By 10 days old, female infants have a white hair patch on their thighs.” poirier",1,Partial,Pubis,M,females have a white pubic patch poirier,1,conspicuous,1,0,1,Both,0,0,1,0,0,1,1,5
cercopithecidae,Trachypithecus_vetulus,NA,0,NA,NA,NA,1,incon,"infants are gray with a brownish tinge rowe 718, incon to both treves 13,40,63, like badius struhsaker, rudran",0,NA,NA,NA,NA,1,inconspicuous,0,1,1,None,0,0,0,1,NA,NA,0,2
cercopithecidae,Trachypithecus_auratus,NA,0,NA,NA,NA,1,con to both,"infants are orange rowe 130, brandon-jones",1,Partial,Pubis,M,"F: pale pubic patch, whitish yellow brandon-jones",1,conspicuous,1,0,1,Both,0,0,1,0,0,1,1,5
cercopithecidae,Trachypithecus_cristatus,NA,0,NA,NA,NA,1,con to both,"infants are born orange rowe 654, con to both, s.c.ultimas head, tail changed first treves 21,54, struhsaker (bernstein 1968), orange all over grey starts from hands, feet, head and tail medway",1,Partial,Pubis,M,"females have pale pubic patch fooden, roonwal",1,conspicuous,1,0,1,Both,0,0,1,0,0,1,1,5
cercopithecidae,Trachypithecus_delacouri,NA,0,NA,NA,NA,1,incon,infants are brownish and have more white on their head rowe 595,1,Partial,Pubis,M,females have a white pubic patch brandon-jones,0,inconspicuous,0,1,1,None,0,0,0,1,0,1,1,0
cercopithecidae,Trachypithecus_francoisi,NA,0,NA,NA,NA,1,con to both,"orange (t.f.francoisi), look at specific subspecies, con to both, head limbs first to change treves 29,52,58-60, francoisi and poliocephalus hendershott, leucophalus burton",1,Partial,Pubis,M,"F: pale pubic patch, whitish yellow brandon-jones",1,conspicuous,1,0,1,Both,0,0,1,0,0,1,1,5
cercopithecidae,Trachypithecus_geei,NA,0,NA,NA,NA,1,con to both,"orange, brown or gray rowe 46, con to both treves 40",1,Partial,Tail,M,"tail is different MUKHERJEE and SAHA (1978), females are paler",1,conspicuous,1,0,1,Both,0,0,1,0,0,1,1,5
cercopithecidae,Trachypithecus_obscurus,NA,0,"“ontogenetic hair change” (molecular), probably just the natal coat change",NA,NA,1,con to both,"orange yellow change to adult within 9 months rowe 385, con to both (may also be phayrei) tail dorsal changes first, treves 15,40,50, uniform pale orange brown medway, orange yellow with white hair on face, head then hands change first orange to grey horwich",1,Partial,Pubis,F,"pale pubic patch, maybe",1,conspicuous,1,0,1,Both,0,0,1,0,0,1,1,5
cercopithecidae,Trachypithecus_phayrei,NA,1,ocular region is differently shaped M: more circular F: more diamond shaped bhattacharya,Head,Both,1,con to both,"neonates are “straw colored” roonwal, yellow-orange stanford",1,Partial,Pubis,M,females have pale pubic patch fooden,1,conspicuous,1,0,1,Both,0,0,1,0,0,1,1,5
cercopithecidae,Trachypithecus_pileatus,NA,0,NA,NA,NA,1,con to both,"infants are creamy orange white with a pink face, by 5-14 months have adult color pattern, but still lighter than adults stanford rowe 772, con to both treves 40,62, infants are cream colored islam",1,Partial,Body,M,females less blue tint on hindquarters and thighs,1,conspicuous,1,0,1,Both,0,0,1,0,0,1,1,5
lemuridae,Varecia_variegata,NA,0,NA,NA,NA,0,NA,no treves 67,0,NA,NA,NA,NA,0,none,0,0,0,None,0,0,0,1,NA,NA,0,1
